0,0,./Al-Hijr_(sura).html
0,0,./Al-Kahf.html
0,0,./Albert_Samuel_Gatschet.html
0,0,./Alexander_Witt.html
0,0,./Alexandra_Tydings.html
0,0,./Alf_Dubs,_Baron_Dubs.html
0,0,./Alge_Crumpler.html
0,0,./Algebra_bundle.html
0,0,./All_Night_Nippon.html
0,0,./Allmersbach.html
0,0,./Alpaida.html
0,0,./Altreich.html
0,0,./Alvin_Patrimonio.html
0,0,./Always_Never_the_Same_(Kansas_album).html
0,0,./Alypius.html
0,0,./Ambassidae.html
0,0,./AMC_Hornet.html
0,0,./American_Century.html
0,0,./American_Lutheran_Church.html
0,0,./American_Pastime.html
0,0,./Amfac,_Inc..html
0,0,./An-Nahl.html
0,0,./Analytic_hierarchy_process.html
0,0,./Andre_Melendez.html
0,0,./Andrea_Guatelli.html
0,0,./Andy_Slaughter.html
0,0,./Anglo-Iraqi_Treaty_(1930).html
0,0,./Angus_Og_(comics).html
0,0,./Ann_Arbor_Railroad_(1895–1976).html
0,0,./Anna_Maria_Porter.html
0,0,./Antipope_Victor_IV_(1138).html
0,0,./Antipope_Victor_IV_(1159–1164).html
0,0,./Anunatva-Apurnatva-Nirdesa.html
0,0,./AOCE.html
0,0,./Aquarium_(band).html
0,0,./Ar-Ra'd.html
0,0,./Archibald_Graham.html
0,0,./Argo_(oceanography).html
0,0,./Aribo_of_Austria.html
0,0,./Arminio_Fraga.html
0,0,./Arne_Tiselius.html
0,0,./Around_the_World_with_Three_Dog_Night.html
0,0,./Arrow–Debreu_model.html
0,0,./Ars_Amatoria.html
0,0,./Artavazd_Peleshyan.html
0,0,./Ash-Shiraa.html
0,0,./Asia_(Roman_province).html
0,0,./Assyrian_flag.html
0,0,./Atelinae.html
0,0,./Atom_Ant.html
0,0,./Auckland_City.html
0,0,./Audio-Visions.html
0,0,./August_von_Pelzeln.html
0,0,./Augusto_de_Lima.html
0,0,./Australasian_shoveler.html
0,0,./Australian_referendum,_1967_(Aboriginals).html
0,0,./Árni_Magnússon.html
0,0,./Babushka.html
0,0,./Bad_Girls_(TV_series).html
0,0,./Baer's_pochard.html
0,0,./Balkanabat.html
0,0,./Bartek_(tree).html
0,0,./Barwon.html
0,0,./Basic_Command_Unit.html
0,0,./Battle_of_Andros.html
0,0,./Battle_of_Heilsberg.html
0,0,./Battle_of_Pulkkila.html
0,0,./Battle_of_Rio_San_Gabriel.html
0,0,./Battle_of_Samothrace_(1698).html
0,0,./Battle_of_Szack.html
0,0,./Battle_of_Vertières.html
0,0,./Bearded_saki.html
0,0,./Beaverdale,_Iowa.html
0,0,./Becky_Worley.html
0,0,./Bedrock_(framework).html
0,0,./Bedstone.html
0,0,./Beechcraft_Musketeer.html
0,0,./Benjamin_Piatt_Runkle.html
0,0,./Berber_music.html
0,0,./Bernard_Dillon.html
0,0,./Bernier's_teal.html
0,0,./Bertrand_Berry.html
0,0,./Bethabara.html
0,0,./Betty's_Bunch.html
0,0,./Bilibil_people.html
0,0,./Bill_McKinney.html
0,0,./Billy_Sianis.html
0,0,./Billy_Tauzin_III.html
0,0,./Billycan.html
0,0,./Biograph.html
0,0,./Bioidentical_hormone_replacement_therapy.html
0,0,./Black-bellied_whistling_duck.html
0,0,./Blinn_College.html
0,0,./Blue_(English_band).html
0,0,./Blue_Stinger.html
0,0,./Bluebonnet_Bowl.html
0,0,./Bluegrass_Bowl.html
0,0,./Bobby_Timmons.html
0,0,./Bocchus_II.html
0,0,./Bocha.html
0,0,./Bolson_tortoise.html
0,0,./Bolzano_project.html
0,0,./Book_town.html
0,0,./Boris_Grebenshchikov.html
0,0,./Bound_by_the_Beauty.html
0,0,./BR_Standard_Class_2_2-6-0.html
0,0,./BR_Standard_Class_2_2-6-2T.html
0,0,./Brazilian_teal.html
0,0,./Brian_Urlacher.html
0,0,./Brian_Welch.html
0,0,./Brigham_Circle_(MBTA_station).html
0,0,./Broccolini.html
0,0,./Bronze-winged_duck.html
0,0,./Brothers_in_Arms:_Road_to_Hill_30.html
0,0,./Brown_teal.html
0,0,./Brunn.html
0,0,./Brussels-Halle-Vilvoorde.html
0,0,./Buccal_pumping.html
0,0,./Bucharest_Academy_of_Economic_Studies.html
0,0,./Bundang_Line.html
0,0,./Burger_Chef.html
0,0,./C._E._Ruthenberg.html
0,0,./Cackling_goose.html
0,0,./Cadillac_SRX.html
0,0,./Calgary_Zoo.html
0,0,./California_spiny_lobster.html
0,0,./California_State_Route_118.html
0,0,./California_State_Route_126.html
0,0,./California_State_Route_23.html
0,0,./Call_For_Action.html
0,0,./Camden_County.html
0,0,./Camp_Leroy_Johnson.html
0,0,./Canada–Central_American_Free_Trade_Agreement.html
0,0,./Canada–France–Hawaii_Telescope.html
0,0,./Canadian_Car_of_the_Year.html
0,0,./Candidate_of_Law.html
0,0,./Cape_Maria_van_Diemen.html
0,0,./Cape_shoveler.html
0,0,./CAPPS.html
0,0,./Captain_of_the_Fleet.html
0,0,./Captured_Live_at_the_Forum.html
0,0,./Carboxamide.html
0,0,./Cardiac_marker.html
0,0,./Cardiff_Bay_Opera_House.html
0,0,./Carey_Talley.html
0,0,./Carl_Pohlad.html
0,0,./Carlton,_Cambridgeshire.html
0,0,./Carnet_de_Passages.html
0,0,./Carol_Bellamy.html
0,0,./Caroline_Anne_Southey.html
0,0,./Carolyn_R._Payton.html
0,0,./Carrie_Fulton_Phillips.html
0,0,./Casatus_(crater).html
0,0,./Casemate.html
0,0,./Casement_Aerodrome.html
0,0,./Casey_State_Recreation_Site.html
0,0,./Castanopsis.html
0,0,./Category:0s_births.html
0,0,./Category:10s_births.html
0,0,./Category:16_births.html
0,0,./Category:17_deaths.html
0,0,./Category:190_BC_deaths.html
0,0,./Category:194_BC_deaths.html
0,0,./Category:1994_songs.html
0,0,./Category:2005_elections.html
0,0,./Category:20s_births.html
0,0,./Category:212_BC_deaths.html
0,0,./Category:262_BC_births.html
0,0,./Category:275_BC_deaths.html
0,0,./Category:276_BC_births.html
0,0,./Category:287_BC_births.html
0,0,./Category:2_births.html
0,0,./Category:30s_births.html
0,0,./Category:31_deaths.html
0,0,./Category:322_BC_deaths.html
0,0,./Category:347_BC_deaths.html
0,0,./Category:363_deaths.html
0,0,./Category:370_BC_deaths.html
0,0,./Category:384_BC_births.html
0,0,./Category:38_deaths.html
0,0,./Category:408_BC_births.html
0,0,./Category:40s_births.html
0,0,./Category:40s_deaths.html
0,0,./Category:460_BC_births.html
0,0,./Category:4_deaths.html
0,0,./Category:50s_births.html
0,0,./Category:50s_deaths.html
0,0,./Category:57_deaths.html
0,0,./Category:60s_births.html
0,0,./Category:661_births.html
0,0,./Category:70s_births.html
0,0,./Category:70s_deaths.html
0,0,./Category:714_deaths.html
0,0,./Category:80s_births.html
0,0,./Category:80s_deaths.html
0,0,./Category:865_deaths.html
0,0,./Category:90s_births.html
0,0,./Category:90s_deaths.html
0,0,./Category:98_deaths.html
0,0,./Category:Aichi_Prefecture.html
0,0,./Category:Airlines_of_Hong_Kong.html
0,0,./Category:Ancient_Near_East.html
0,0,./Category:Andromeda_Subgroup.html
0,0,./Category:Aomori_Prefecture.html
0,0,./Category:Banking.html
0,0,./Category:Battlefield_1942_mods.html
0,0,./Category:Books_by_Robert_A._Heinlein.html
0,0,./Category:Bridges_in_Texas.html
0,0,./Category:Calculus_of_variations.html
0,0,./Category:Canadian_curlers.html
0,0,./Category:Canal_engineers.html
0,0,./Category:Central_Intelligence_Agency_images.html
0,0,./Category:Chemistry_stubs.html
0,0,./Category:Chiba_Prefecture.html
0,0,./Category:Cities_in_Aichi_Prefecture.html
0,0,./Category:Cities_in_Akita_Prefecture.html
0,0,./Category:Cities_in_Aomori_Prefecture.html
0,0,./Category:Cities_in_Chiba_Prefecture.html
0,0,./Category:Cities_in_Ehime_Prefecture.html
0,0,./Category:Cities_in_Fukui_Prefecture.html
0,0,./Category:Cities_in_Fukuoka_Prefecture.html
0,0,./Category:Cities_in_Fukushima_Prefecture.html
0,0,./Category:Cities_in_Gifu_Prefecture.html
0,0,./Category:Cities_in_Guatemala.html
0,0,./Category:Cities_in_Gunma_Prefecture.html
0,0,./Category:Cities_in_Yamanashi_Prefecture.html
0,0,./Category:Coding_theory.html
0,0,./Category:Commodity_exchanges.html
0,0,./Category:Corporate_law.html
0,0,./Category:Counts_of_Edessa.html
0,0,./Category:Counts_of_Tripoli.html
0,0,./Category:Diodes.html
0,0,./Category:Districts_in_Aichi_Prefecture.html
0,0,./Category:Districts_in_Ehime_Prefecture.html
0,0,./Category:Districts_in_Fukuoka_Prefecture.html
0,0,./Category:Districts_in_Gifu_Prefecture.html
0,0,./Category:Districts_in_Gunma_Prefecture.html
0,0,./Category:Disused_London_Underground_stations.html
0,0,./Category:Drinking_culture.html
0,0,./Category:Dukes_of_Braganza.html
0,0,./Category:EC_1.3.99.html
0,0,./Category:EC_1.3.html
0,0,./Category:Economy_of_Poland.html
0,0,./Category:Education_in_France.html
0,0,./Category:Ehime_Prefecture.html
0,0,./Category:Esociformes.html
0,0,./Category:Fountains.html
0,0,./Category:Fukui_Prefecture.html
0,0,./Category:Fukuoka_Prefecture.html
0,0,./Category:Fukushima_Prefecture.html
0,0,./Category:Geonim.html
0,0,./Category:German_violinists.html
0,0,./Category:Gifu_Prefecture.html
0,0,./Category:Glycosaminoglycans.html
0,0,./Category:Government_of_West_Virginia.html
0,0,./Category:Government_of_Wyoming.html
0,0,./Category:Green_Day_songs.html
0,0,./Category:Growth_factors.html
0,0,./Category:Gunma_Prefecture.html
0,0,./Category:Half-Life_characters.html
0,0,./Category:Hamlets_in_New_York.html
0,0,./Category:Hiroshima_Prefecture.html
0,0,./Category:Hungarian_violinists.html
0,0,./Category:Impact_events.html
0,0,./Category:Integrated_circuits.html
0,0,./Category:Intermediate_spiral_galaxies.html
0,0,./Category:Iranian_civil_aircraft.html
0,0,./Category:Italian_airliners.html
0,0,./Category:Italian_patrol_aircraft.html
0,0,./Category:James_Bond_characters.html
0,0,./Category:Jane_Siberry_albums.html
0,0,./Category:Kenickie_albums.html
0,0,./Category:Kenyan_musicians.html
0,0,./Category:Kings_of_Cyprus.html
0,0,./Category:Kings_of_Jerusalem.html
0,0,./Category:Kyoto_Prefecture.html
0,0,./Category:Law_degrees.html
0,0,./Category:Legal_education.html
0,0,./Category:Mardi_Gras.html
0,0,./Category:Mathematics_competitions.html
0,0,./Category:Members_of_the_West_Virginia_House_of_Delegates.html
0,0,./Category:Members_of_the_Wyoming_House_of_Representatives.html
0,0,./Category:Merkur_vehicles.html
0,0,./Category:Milky_Way_Subgroup.html
0,0,./Category:Monty_Python_albums.html
0,0,./Category:Monty_Python_films.html
0,0,./Category:Monty_Python_literature.html
0,0,./Category:Monty_Python_sketches.html
0,0,./Category:Monty_Python_songs.html
0,0,./Category:Mountaineering_books.html
0,0,./Category:Muay_Thai.html
0,0,./Category:Multiplexing.html
0,0,./Category:Music_books.html
0,0,./Category:National_Wildlife_Refuges_in_Hawaii.html
0,0,./Category:NGC_3109_subgroup.html
0,0,./Category:Nonce_words.html
0,0,./Category:Norwegian_economists.html
0,0,./Category:Novels_by_Robert_A._Heinlein.html
0,0,./Category:Nuclear_test_sites.html
0,0,./Category:Occult_books.html
0,0,./Category:Okayama_Prefecture.html
0,0,./Category:Operation_Overlord.html
0,0,./Category:Organization_of_American_States.html
0,0,./Category:Otherkin.html
0,0,./Category:Peace.html
0,0,./Category:People_from_Wyoming.html
0,0,./Category:Petroleum_production.html
0,0,./Category:Polish_weightlifters.html
0,0,./Category:Princes.html
0,0,./Category:Punk_rock_songs.html
0,0,./Category:R.E.M..html
0,0,./Category:Radio_telescopes.html
0,0,./Category:Rail_technologies.html
0,0,./Category:Redirects_from_misspellings.html
0,0,./Category:Redirects_from_plurals.html
0,0,./Category:Redirects_from_related_words.html
0,0,./Category:Redirects_from_scientific_names.html
0,0,./Category:Redirects_to_disambiguation_pages.html
0,0,./Category:Retail_companies_of_Australia.html
0,0,./Category:RMS_Titanic.html
0,0,./Category:RSA_Factoring_Challenge.html
0,0,./Category:Russian_royalty.html
0,0,./Category:Science_fiction_novels_by_Isaac_Asimov.html
0,0,./Category:Science_fiction_short_story_collections_by_Isaac_Asimov.html
0,0,./Category:Seismic_faults.html
0,0,./Category:Seoul.html
0,0,./Category:Service_industries.html
0,0,./Category:Shields.html
0,0,./Category:Short_stories_by_Robert_A._Heinlein.html
0,0,./Category:Short_story_collections_by_Robert_A._Heinlein.html
0,0,./Category:Soap_opera_writers.html
0,0,./Category:Switches.html
0,0,./Category:Taxation.html
0,0,./Category:Television_stations_in_West_Virginia.html
0,0,./Category:Television_stations_in_Wisconsin.html
0,0,./Category:Television_stations_in_Wyoming.html
0,0,./Category:The_Fairly_OddParents.html
0,0,./Category:The_Jetsons.html
0,0,./Category:The_Offspring_songs.html
0,0,./Category:Three_Dog_Night_albums.html
0,0,./Category:Timelines_of_music.html
0,0,./Category:Tochigi_Prefecture.html
0,0,./Category:Towns_in_Aichi_Prefecture.html
0,0,./Category:Towns_in_Akita_Prefecture.html
0,0,./Category:Towns_in_Aomori_Prefecture.html
0,0,./Category:Towns_in_Chiba_Prefecture.html
0,0,./Category:Towns_in_Ehime_Prefecture.html
0,0,./Category:Towns_in_Fukui_Prefecture.html
0,0,./Category:Towns_in_Fukuoka_Prefecture.html
0,0,./Category:Towns_in_Fukushima_Prefecture.html
0,0,./Category:Towns_in_Gifu_Prefecture.html
0,0,./Category:Towns_in_Gunma_Prefecture.html
0,0,./Category:Transistors.html
0,0,./Category:Travel_books.html
0,0,./Category:Turkish_scientists.html
0,0,./Category:Turkish_writers.html
0,0,./Category:UGC_objects.html
0,0,./Category:Unfinished_books.html
0,0,./Category:Universities_in_Romania.html
0,0,./Category:Unix_people.html
0,0,./Category:Ursa_Major_Cluster.html
0,0,./Category:Villages_in_Akita_Prefecture.html
0,0,./Category:Villages_in_Chiba_Prefecture.html
0,0,./Category:Villages_in_Fukushima_Prefecture.html
0,0,./Category:Villages_in_Rhode_Island.html
0,0,./Category:Wakayama_Prefecture.html
0,0,./Category:West_Virginia_Legislature.html
0,0,./Category:West_Virginia_media.html
0,0,./Category:West_Virginia_State_Senators.html
0,0,./Category:Wikipedia_copy_editing.html
0,0,./Category:Wikipedia_humor.html
0,0,./Category:Windmills_in_Kent.html
0,0,./Category:Wisconsin_culture.html
0,0,./Category:Wisconsin_media.html
0,0,./Category:World_War_II_operations_and_battles_of_Europe.html
0,0,./Category:Wyoming_culture.html
0,0,./Category:Wyoming_Legislature.html
0,0,./Category:Wyoming_media.html
0,0,./Category:Wyoming_State_Senators.html
0,0,./Category:Yamanashi_Prefecture.html
0,0,./Category:Years_in_art.html
0,0,./Catherine-Ann_MacPhee.html
0,0,./Catherine_Hicks.html
0,0,./Cave_Stream.html
0,0,./CBRL.html
0,0,./Cedar_Grove.html
0,0,./Cedar_Hill.html
0,0,./Cedarville.html
0,0,./Celebrate:_The_Three_Dog_Night_Story,_1965–1975.html
0,0,./Centre_for_Addiction_and_Mental_Health.html
0,0,./Cephalalgia.html
0,0,./Cerro_Potosí.html
0,0,./Cessna_206.html
0,0,./Chachapoya_culture.html
0,0,./Chachapoyas.html
0,0,./Chagai_Hills.html
0,0,./Chancellor_of_Uppsala_University.html
0,0,./Charles_Cadogan,_8th_Earl_Cadogan.html
0,0,./Charles_Eliot_(diplomat).html
0,0,./Charlie_Melancon.html
0,0,./Charlotte_Stuart,_Duchess_of_Albany.html
0,0,./Charlottetown_Festival.html
0,0,./Charlottetown_Islanders.html
0,0,./Chesterfield_Township.html
0,0,./Chevrolet_Niva.html
0,0,./Chief_superintendent.html
0,0,./Child:_Music_for_the_Christmas_Season.html
0,0,./Chiloé_wigeon.html
0,0,./Chin_Peng.html
0,0,./Chingachgook.html
0,0,./Chocapic.html
0,0,./Chopin_(disambiguation).html
0,0,./Chris_Clarke_(footballer).html
0,0,./Christiansburg.html
0,0,./Christmas_stamp.html
0,0,./Chrysler_PT_Cruiser.html
0,0,./Chubut_steamer_duck.html
0,0,./CHYC-FM.html
0,0,./CHYK-FM.html
0,0,./City_(Jane_Siberry_album).html
0,0,./Civil_unions_in_Quebec.html
0,0,./Civilization_IV.html
0,0,./CJAX-FM.html
0,0,./Clara_Reeve.html
0,0,./Classic_FM.html
0,0,./Classic_FM_(Netherlands).html
0,0,./Claudette_Boyer.html
0,0,./Clay–water_interaction.html
0,0,./Cloak_and_dagger_(disambiguation).html
0,0,./CNN_Sports_Illustrated.html
0,0,./Colin_McKay_Grierson.html
0,0,./College_Cup.html
0,0,./Come_Out_and_Play.html
0,0,./Comenius_University_Faculty_of_Mathematics,_Physics_and_Informatics.html
0,0,./Coming_Down_Your_Way.html
0,0,./Command_key.html
0,0,./Common_collared_lizard.html
0,0,./Common_Development_and_Distribution_License.html
0,0,./Composite_Health_Care_System.html
0,0,./Conan_(talk_show).html
0,0,./Conditional-access_module.html
0,0,./Condyloma.html
0,0,./Conjugal_family.html
0,0,./Conservative_Government_1866–68.html
0,0,./Conservative_Party_(Norway).html
0,0,./Consorzio_Suonatori_Indipendenti.html
0,0,./Conspicuous_Gallantry_Cross.html
0,0,./Constitutive.html
0,0,./Contact_image_sensor.html
0,0,./Coolangatta_(disambiguation).html
0,0,./Coryat's_Crudities.html
0,0,./Cowan_rail_accident.html
0,0,./Craig_Revel_Horwood.html
0,0,./Creep_(2004_film).html
0,0,./Crevillent.html
0,0,./Cromer_Academy.html
0,0,./Crooked_Stilo.html
0,0,./Cropredy.html
0,0,./Crosscut_saw.html
0,0,./CryEngine.html
0,0,./CSS_Florida.html
0,0,./CSS_Selma_(1856).html
0,0,./Cub_Koda.html
0,0,./Cyan_(Three_Dog_Night_album).html
0,0,./Daifuku.html
0,0,./Daisy_Ocasio.html
0,0,./Dalian_Shide_F.C..html
0,0,./Damayanti.html
0,0,./Dan_Dickau.html
0,0,./Dan_Dierdorf.html
0,0,./Daniel_Band.html
0,0,./Daniel_Hernández_(soccer).html
0,0,./Danny_Wuerffel.html
0,0,./Danube_school.html
0,0,./Dark_Winter.html
0,0,./Darkane.html
0,0,./David_Shepard_(film_preservationist).html
0,0,./Dongyang.html
0,0,./Dornier_Do_228.html
0,0,./Dorothy_Garrod.html
0,0,./Dorothy_Miles_Cultural_Centre.html
0,0,./Down_to_the_Sea_in_Ships_(1922_film).html
0,0,./Downey.html
0,0,./Dr._B._R._Ambedkar_National_Institute_of_Technology_Jalandhar.html
0,0,./Drastic_Measures.html
0,0,./Drawn_and_Quarterly.html
0,0,./Dream_(disambiguation).html
0,0,./Dream_Story.html
0,0,./Drilling_rig.html
0,0,./Dromichaetes.html
0,0,./Drop_registrar.html
0,0,./Dujiangyan_City.html
0,0,./Dunkeld.html
0,0,./Dwight_Freeney.html
0,0,./Dwight_Look_College_of_Engineering.html
0,0,./Dynamic_Bayesian_network.html
0,0,./Dyula_people.html
0,0,./Ear_X-tacy.html
0,0,./East_African_Community.html
0,0,./Ecclesfield.html
0,0,./Eclipse_(cigarette).html
0,0,./Economic_Policy_Institute.html
0,0,./Eddie_Stanky.html
0,0,./Edgar_Reitz.html
0,0,./Edgar_Whitcomb.html
0,0,./Edina.html
0,0,./Edinburg.html
0,0,./Edit.html
0,0,./Edmund.html
0,0,./Edward_Packard.html
0,0,./Edward_Ramsay.html
0,0,./Edward_Thomas.html
0,0,./Edward_Thomas_(British_Army_soldier).html
0,0,./Edwin_Charles_Tubb.html
0,0,./Egg_Bowl.html
0,0,./Eggendorf.html
0,0,./Eidolon_(apparition).html
0,0,./Eka.html
0,0,./El_Barrio.html
0,0,./Elections_in_Hong_Kong.html
0,0,./Elevator_(band).html
0,0,./Elizabeth_Tennet.html
0,0,./Ellen_Meloy.html
0,0,./Ellipse_(disambiguation).html
0,0,./Ellis_Minns.html
0,0,./Ellisville.html
0,0,./Elphaba.html
0,0,./Emil_Škoda.html
0,0,./Emperor_Hui.html
0,0,./Emperor_Wu.html
0,0,./Endless_knot.html
0,0,./Enigma_(2001_film).html
0,0,./Environmental_Quality_Improvement_Act.html
0,0,./Epanalepsis.html
0,0,./Ephraim_Williams.html
0,0,./Epistrophe.html
0,0,./Eras.html
0,0,./Eric_Stefani.html
0,0,./Erin_Brockovich_(film).html
0,0,./errors/Belem_(ship).html
0,0,./errors/Civil_union_in_New_Zealand.html
0,0,./errors/Come_Out_and_Play_(song).html
0,0,./errors/CSS_Florida_(blockade_runner).html
0,0,./errors/CSS_Georgia_(ironclad).html
0,0,./errors/CSS_Georgia_(steamship).html
0,0,./errors/Eynsford.html
0,0,./errors/FC_Rapid_București.html
0,0,./errors/HMS_Carisbrooke_Castle_(K379).html
0,0,./errors/HMS_Gleaner_(H86).html
0,0,./errors/HMS_Hardy_(F54).html
0,0,./errors/HMS_Hecate_(A137).html
0,0,./errors/HMS_Herald_(H138).html
0,0,./errors/HMS_Hydra_(A144).html
0,0,./errors/HMS_Jersey_(P295).html
0,0,./errors/HMS_Rushen_Castle_(K372).html
0,0,./errors/HMS_Starling_(U66).html
0,0,./errors/Olivia_Olson.html
0,0,./errors/Pittsburgh_Riverhounds.html
0,0,./errors/Ponderosa_(TV_series).html
0,0,./errors/Self_Esteem_(song).html
0,0,./errors/USS_Hendrick_Hudson.html
0,0,./errors/USS_Macdonough_(DD-9).html
0,0,./errors/USS_Paul_Jones_(DD-10).html
0,0,./errors/USS_Perry_(DD-11).html
0,0,./errors/USS_Preble_(DD-12).html
0,0,./errors/USS_Stewart_(DD-13).html
0,0,./errors/What's_the_Frequency,_Kenneth?.html
0,0,./errors/Whole_Lotta_Love.html
0,0,./ESA_Space_Debris_Telescope.html
0,0,./Etajima.html
0,0,./Eternal_sin.html
0,0,./Eternia.html
0,0,./Ethel_T._Wead_Mick.html
0,0,./Euchloe_charlonia.html
0,0,./Eurogliders.html
0,0,./Evangelical_Lutheran_Free_Church_of_Norway.html
0,0,./Evanston,_Indiana.html
0,0,./Evelyn_Lear.html
0,0,./Everard_F._im_Thurn.html
0,0,./Exaptation.html
0,0,./Exchange_Place.html
0,0,./Explorations_(TV_series).html
0,0,./Fado_Curvo.html
0,0,./Fairmont_Royal_York.html
0,0,./Fairy_(disambiguation).html
0,0,./Falkland_steamer_duck.html
0,0,./Falling_Up.html
0,0,./Farooq_Abdullah.html
0,0,./Fathers_and_Sons_(novel).html
0,0,./Fatih_Terim.html
0,0,./Fatness.html
0,0,./Fayalite.html
0,0,./Federation_of_Australia.html
0,0,./Ferruccio_Parri.html
0,0,./File:2000AD163.jpg.html
0,0,./File:2000AD336.jpg.html
0,0,./File:Advertisement_for_Petula_Clark's_first_American_television_special.jpg.html
0,0,./File:Album-cover-the-visitor-by-arena.jpg.html
0,0,./File:Andrew's_Flight_Pics_005.jpg.html
0,0,./File:Arabic_numerals.png.html
0,0,./File:Augustow_Mapa.png.html
0,0,./File:Bearbirdcomet.png.html
0,0,./File:Brave_McClellan.jpg.html
0,0,./File:Christmas_With_the_Kranks_poster.JPG.html
0,0,./File:CSSSelma.jpg.html
0,0,./File:Danube_Landscape_near_Regensburg.JPG.html
0,0,./File:Digby_fallingup.jpg.html
0,0,./File:Double_Dare_NES_Game.jpg.html
0,0,./File:Encke_Division.jpg.html
0,0,./File:Fablebox.jpg.html
0,0,./File:Fischer_projection_example.png.html
0,0,./File:Flower-06-KayEss-1.jpeg.html
0,0,./File:Flower-07-KayEss-2.jpeg.html
0,0,./File:Gertrude_Atherton_-_Project_Gutenberg_eText_14256.jpg.html
0,0,./File:Giant-mary.jpg.html
0,0,./File:GirlfromUncle1.jpg.html
0,0,./File:Heloise_Painting_by_D_Gardner.jpg.html
0,0,./File:HMS_Flint_Castle_(K383).jpg.html
0,0,./File:HMS_Icarus_(D03).jpg.html
0,0,./File:HMS_Ilex_(D61).jpg.html
0,0,./File:HMS_Inglefield_(D02).jpg.html
0,0,./File:HMS_Jervis_(F00).jpg.html
0,0,./File:HMS_Juno_(F46).jpg.html
0,0,./File:HMS_Kelly_(F01).jpg.html
0,0,./File:HMS_Kingston_(F64).jpg.html
0,0,./File:HMS_Quality_(G62).jpg.html
0,0,./File:HMS_Vidette_(D48).jpg.html
0,0,./File:HMS_Wolverine_(D78).jpg.html
0,0,./File:Isis.png.html
0,0,./File:Jastrzebie_Zdroj_Mapa.png.html
0,0,./File:Jeff_Knaggs_in_Venice.jpg.html
0,0,./File:Jingle_All_the_Way_poster.JPG.html
0,0,./File:John_Philip_Kemble_as_Hamlet.jpg.html
0,0,./File:JRPNational-Archives.jpg.html
0,0,./File:Kansas_-_Always_Never_the_Same.jpg.html
0,0,./File:Kansas_-_Audio-Visions.jpg.html
0,0,./File:Kansas_-_Drastic_Measures.jpg.html
0,0,./File:Kansas_-_Freaks_of_Nature.jpg.html
0,0,./File:Kansas_-_In_the_Spirit_of_Things.jpg.html
0,0,./File:Kansas_-_Kansas.jpg.html
0,0,./File:Kansas_-_Leftoverture.jpg.html
0,0,./File:Kansas_-_Live_at_the_Whisky.jpg.html
0,0,./File:Kansas_-_Masque.jpg.html
0,0,./File:Kansas_-_Monolith.jpg.html
0,0,./File:Kansas_-_Point_of_Know_Return.jpg.html
0,0,./File:Kansas_-_Power.jpg.html
0,0,./File:Kansas_-_Somewhere_to_Elsewhere.jpg.html
0,0,./File:Kansas_-_Song_for_America.jpg.html
0,0,./File:Kansas_-_Two_for_the_Show.jpg.html
0,0,./File:Kansas_-_Vinyl_Confessions.jpg.html
0,0,./File:LastAmerican3.jpg.html
0,0,./File:Limehouselinkeasternportal.png.html
0,0,./File:Limehouselinkwesternportal.png.html
0,0,./File:Lin_Wang(cropped).jpg.html
0,0,./File:Linköping_University_Seal.png.html
0,0,./File:LoveandHuman.jpg.html
0,0,./File:Malong1.jpg.html
0,0,./File:Marketing-communications-planning-framework.gif.html
0,0,./File:Mgarr_Ix-Xini_large.jpg.html
0,0,./File:Mikolaj_rudy_radziwill.jpg.html
0,0,./File:Mikolajki_Mapa.PNG.html
0,0,./File:MontyPythonHollywoodBowlPoster.jpg.html
0,0,./File:Morning_prayers_in_the_family_of_Sebastian_Bach.jpg.html
0,0,./File:MPR_logo.png.html
0,0,./File:Olsztyn_Mapa.png.html
0,0,./File:Other-langs3.png.html
0,0,./File:PercyWebsterTradecard.jpg.html
0,0,./File:Powiat_Grodzki_Lomza.jpg.html
0,0,./File:Powiat_Grodzki_Suwalki.jpg.html
0,0,./File:Quixote03.jpg.html
0,0,./File:Radiohead_Com_Lag_(japan)_CD_cover.png.html
0,0,./File:Saint_Francis_of_assisi_in_his_tomb.jpg.html
0,0,./File:Scribe_an_Octagon.jpg.html
0,0,./File:Scribe_an_octagon2jpg.jpg.html
0,0,./File:Skyline_Pictures_012.jpg.html
0,0,./File:Slainegn.jpg.html
0,0,./File:St._Francis_monastery_in_Ispica.jpg.html
0,0,./File:St_Clair_Beach,_Dunedin,_New_Zealand.jpg.html
0,0,./File:St_Paul's_Islands.jpg.html
0,0,./File:Stamp_HU_1943_20f_Xmas.jpg.html
0,0,./File:Stamp_Peru_1970_1.20s_Xmas.jpg.html
0,0,./File:Thracia.jpg.html
0,0,./File:Three_Dog_Night_-_American_Pastime.jpg.html
0,0,./File:Three_Dog_Night_-_Around_the_World_With_Three_Dog_Night.jpg.html
0,0,./File:Three_Dog_Night_-_Captured_Live_at_the_Forum.jpg.html
0,0,./File:Three_Dog_Night_-_Celebrate.jpg.html
0,0,./File:Three_Dog_Night_-_Coming_Down_Your_Way.jpg.html
0,0,./File:Three_Dog_Night_-_Golden_Biscuits.jpg.html
0,0,./File:Three_Dog_Night_-_Hard_Labor.jpg.html
0,0,./File:Three_Dog_Night_-_Harmony.jpg.html
0,0,./File:Three_Dog_Night_-_It's_a_Jungle.jpg.html
0,0,./File:Three_Dog_Night_-_It_Ain't_Easy.jpg.html
0,0,./File:Three_Dog_Night_-_Joy_to_the_World.jpg.html
0,0,./File:Three_Dog_Night_-_Naturally.jpg.html
0,0,./File:Three_Dog_Night_-_Seven_Separate_Fools.jpg.html
0,0,./File:Three_Dog_Night_-_The_Best_of_3_Dog_Night.jpg.html
0,0,./File:Three_Dog_Night_-_Three_Dog_Night.jpg.html
0,0,./File:Toledo_by_El_Greco.jpg.html
0,0,./File:Tron2.0box.jpg.html
0,0,./File:Type-0End.gif.html
0,0,./File:Type-0Start.gif.html
0,0,./File:Type-IEnd.gif.html
0,0,./File:Type-IIIEnd.gif.html
0,0,./File:Type-IIIStart.gif.html
0,0,./File:Type-IIStart.gif.html
0,0,./File:Type-IStart.gif.html
0,0,./File:Type-IVStart.gif.html
0,0,./File:Ukraine_ElectionsMap_TurnoutChange_v2.png.html
0,0,./File:USSHendrickHudson.jpg.html
0,0,./File:Utagawa_modern_gengi.jpg.html
0,0,./File:Warfarintablets5-3-1.jpg.html
0,0,./File:Wellington-Vogeltown.jpg.html
0,0,./File:Western_United_States_map.jpg.html
0,0,./File:Whitetieinuse.jpg.html
0,0,./File:Wikipedia_mainpage_of.PNG.html
0,0,./Finasteride.html
0,0,./First_contact_(anthropology).html
0,0,./Fisher_(comics).html
0,0,./Fislisbach.html
0,0,./Flat_Eric.html
0,0,./Flicker_fixer.html
0,0,./Flocculation.html
0,0,./Flyback.html
0,0,./Flying_steamer_duck.html
0,0,./Footplate.html
0,0,./Fort_Buckley.html
0,0,./Franc_Serafin_Metelko.html
0,0,./Francis_Rous.html
0,0,./Francisco_Scaramanga.html
0,0,./Francization.html
0,0,./Frank_Crisp.html
0,0,./Fred_Pfeil.html
0,0,./Frederick_Traugott_Pursh.html
0,0,./Freedom_Beast.html
0,0,./Freilekhs.html
0,0,./Fremantle_(disambiguation).html
0,0,./Fresh_Hare.html
0,0,./Friends'_Ambulance_Unit.html
0,0,./Fuegian_steamer_duck.html
0,0,./Fundi_Konde.html
0,0,./G._Rollie_White_Coliseum.html
0,0,./G._W._Steevens.html
0,0,./Gabriel_Alomar_i_Villalonga.html
0,0,./Gaius_Valerius_Pudens.html
0,0,./Galeras.html
0,0,./Gali_(town).html
0,0,./Gama_Goat.html
0,0,./Game_Network.html
0,0,./Gary_Williams.html
0,0,./Gas_balloon.html
0,0,./GCI.html
0,0,./GDM.html
0,0,./GEM.html
0,0,./General_Staff_of_the_Republic_of_Turkey.html
0,0,./Genii.html
0,0,./George_Bulman_(fictional_character).html
0,0,./George_H._Wadleigh.html
0,0,./George_Mueller.html
0,0,./George_Müller.html
0,0,./George_Ripley_(transcendentalist).html
0,0,./George_Sale.html
0,0,./Georgy_Beriev.html
0,0,./Gerald_Cadogan,_6th_Earl_Cadogan.html
0,0,./Geraldine_McEwan.html
0,0,./Gerlachovský_štít.html
0,0,./Germa.html
0,0,./German_Wikipedia.html
0,0,./Gernot_Zippe.html
0,0,./Gerry_Byrne_(footballer).html
0,0,./Gershom_Scholem.html
0,0,./Giant_Robot_(magazine).html
0,0,./Gibborim.html
0,0,./Gibborim_(biblical).html
0,0,./Gilberto_Rodríguez_Orejuela.html
0,0,./Ginsberg.html
0,0,./Giovanni_Spadolini.html
0,0,./Girl_next_door.html
0,0,./Giuseppe_Pella.html
0,0,./Glagolitic_Mass.html
0,0,./Glastonbury_Canal.html
0,0,./Glutathione_S-transferase.html
0,0,./Glyn_Daniel.html
0,0,./Gold_Rush_Daze.html
0,0,./Golden_Bisquits.html
0,0,./Good_Riddance_(film).html
0,0,./Goodwin_Procter.html
0,0,./Gopi_Krishna_(yogi).html
0,0,./Gordon_Moakes.html
0,0,./Gossain.html
0,0,./Gourmet.html
0,0,./Government_Hill.html
0,0,./Grahame_Clark.html
0,0,./Grand_dictionnaire_terminologique.html
0,0,./Gratia_Countryman.html
0,0,./Gränichen.html
0,0,./Great_Lakes_Bowl.html
0,0,./Greatest_Hits_(The_Cars_album).html
0,0,./Greek_Scriptures.html
0,0,./Green_sunfish.html
0,0,./Greg_Cook.html
0,0,./Gretsch.html
0,0,./Grey_Court_School.html
0,0,./Gross_national_income.html
0,0,./Guča.html
0,0,./Gudauta.html
0,0,./GURPS_Technomancer.html
0,0,./Gus_Dudgeon.html
0,0,./Gustavo_Franco.html
0,0,./Hackney_horse.html
0,0,./Hakkapeliitta.html
0,0,./Halifax_Mooseheads.html
0,0,./Hannah_Fox.html
0,0,./Hara_(band).html
0,0,./Harbor_Bowl.html
0,0,./Hard_Labor.html
0,0,./Harmony_(Three_Dog_Night_album).html
0,0,./Harold_Hongju_Koh.html
0,0,./Harris_Allan.html
0,0,./Harrow_College.html
0,0,./Harvard–Yale_football_rivalry.html
0,0,./Harvest_Moon:_A_Wonderful_Life.html
0,0,./Harvest_Moon:_Friends_of_Mineral_Town.html
0,0,./Harvest_Moon_64.html
0,0,./Hatchery.html
0,0,./Hatton.html
0,0,./Havock-class_destroyer.html
0,0,./Hawaiian_duck.html
0,0,./Hearst,_Ontario.html
0,0,./Heating_oil.html
0,0,./Heidenreich.html
0,0,./Heimat_(film_series).html
0,0,./Heinz_Holliger.html
0,0,./Hello!_Project.html
0,0,./Heloise_(columnist).html
0,0,./Hen_and_Chicken_Islands.html
0,0,./Henry_Cadogan,_4th_Earl_Cadogan.html
0,0,./Henry_Crabb_Robinson.html
0,0,./Henry_Hudson_Parkway.html
0,0,./Henry_Moore_Jackson.html
0,0,./Henry_Oldenburg.html
0,0,./Heritage_Bowl.html
0,0,./Herman_Riley.html
0,0,./Héloïse_d'Argenteuil.html
0,0,./History_of_Detroit.html
0,0,./History_of_mobile_phones.html
0,0,./History_of_the_London_Underground.html
0,0,./HMC.html
0,0,./HMS_Ashanti.html
0,0,./HMS_Caistor_Castle.html
0,0,./HMS_Herald.html
0,0,./HMS_Kingfisher.html
0,0,./HMS_Lynx.html
0,0,./HMS_Nubian.html
0,0,./HMS_Starling.html
0,0,./Hocus_Pocus_(novel).html
0,0,./Hoesch.html
0,0,./Homer_Litzenberg.html
0,0,./Homi_J._Bhabha.html
0,0,./Hong_Kong_City_Hall.html
0,0,./Hong_Kong_Railway_Museum.html
0,0,./Hong_Kong_Stadium.html
0,0,./Hongkong_Post.html
0,0,./Hoplology.html
0,0,./Horace_Pippin.html
0,0,./Horizon_Airlines.html
0,0,./Horn_(anatomy).html
0,0,./Horn_(diacritic).html
0,0,./Horned_viper.html
0,0,./Horwich.html
0,0,./Hostile_Waters.html
0,0,./Hottentot_teal.html
0,0,./Hovet.html
0,0,./Hud_(sura).html
0,0,./Hudson_Brothers.html
0,0,./Hudson_River_Chain.html
0,0,./Hugh_Cortazzi.html
0,0,./Hugh_Stowell_Scott.html
0,0,./Humphrey_Prideaux.html
0,0,./Hush_(Jane_Siberry_album).html
0,0,./Hyaluronan.html
0,0,./Hydantoin.html
0,0,./Hylaeosaurus.html
0,0,./Hyperandrogenism.html
0,0,./Hypertrichosis.html
0,0,./I'm_All_Right_Jack.html
0,0,./Ibrahim_(sura).html
0,0,./IDSA.html
0,0,./IEEE_12207.html
0,0,./If_He_Hollers_Let_Him_Go.html
0,0,./Immaculata_High_School_(Ottawa).html
0,0,./In_the_Spirit_of_Things.html
0,0,./Index_of_Kansas-related_articles.html
0,0,./Infolepsy.html
0,0,./Inland_Sea,_Gozo.html
0,0,./International_Speedway_Corporation.html
0,0,./Interstate_865.html
0,0,./Irish_art.html
0,0,./Irish_Daily_Star.html
0,0,./Irish_Society.html
0,0,./ISO_10303.html
0,0,./Israeli_hip_hop.html
0,0,./It's_a_Jungle.html
0,0,./It's_Pat.html
0,0,./It_Ain't_Easy_(Three_Dog_Night_album).html
0,0,./Ivone_Ramos.html
0,0,./İsmail_Bilen.html
0,0,./J._H._Hexter.html
0,0,./J_Harlen_Bretz.html
0,0,./Jack_the_Ripper,_Light-Hearted_Friend.html
0,0,./Jack_the_Ripper:_The_Final_Solution.html
0,0,./Jackie_Trent.html
0,0,./Jackie_Washington_(blues_musician).html
0,0,./Jacksonville_Bullets.html
0,0,./James_D._Griffin.html
0,0,./James_Hutchison_Stirling.html
0,0,./James_Ivory_(director).html
0,0,./James_Rice_(writer).html
0,0,./James_Taggart.html
0,0,./Jamie_Ashdown.html
0,0,./Jamie_Hyneman.html
0,0,./Jane_Porter.html
0,0,./Jane_Siberry_(album).html
0,0,./Janet_Burston.html
0,0,./Janet_Cardiff.html
0,0,./Japan_FM_Network.html
0,0,./Jason_Boyd.html
0,0,./Jean_Maillard.html
0,0,./Jefferson_Farfán.html
0,0,./Jesse_Lee_Peterson.html
0,0,./Jędrzej_Giertych.html
0,0,./Jim_Everett.html
0,0,./Jimmy_Vivino_and_the_Basic_Cable_Band.html
0,0,./Jingle_All_the_Way.html
0,0,./Joe_Alaskey.html
0,0,./Joe_Bob_Goes_to_the_Drive_In.html
0,0,./Joe_Manchin.html
0,0,./Joel_Bakan.html
0,0,./Joel_Garten.html
0,0,./Johann_David_Schoepff.html
0,0,./John_Cleary_(Canadian_politician).html
0,0,./John_D._H._Greenwood.html
0,0,./John_Edward_Jones_(governor).html
0,0,./John_Fuller.html
0,0,./John_J._Pettus.html
0,0,./John_Pocock.html
0,0,./John_R._Wooden_Award.html
0,0,./John_Row.html
0,0,./John_Skinner_(poet).html
0,0,./John_Spence_(musician).html
0,0,./John_Thorn.html
0,0,./John_Wootton.html
0,0,./Johnny_Temple.html
0,0,./Jonaraja.html
0,0,./Jordon_Zadorozny.html
0,0,./Josef_Lada.html
0,0,./Josef_Schwammberger.html
0,0,./Joseph_G._Hitner.html
0,0,./Joseph_Henry_Shorthouse.html
0,0,./Joseph_Skipsey.html
0,0,./Joseph_Tainter.html
0,0,./Joseph_Wapner.html
0,0,./Joy_to_the_World:_Their_Greatest_Hits.html
0,0,./Judicial_Circuits_Act.html
0,0,./Julian.html
0,0,./Julie_Benz.html
0,0,./June_Marlowe.html
0,0,./Juntos_Podemos_Más.html
0,0,./Jürgen_Teller.html
0,0,./Kai-to.html
0,0,./Kalesa.html
0,0,./Kalhana.html
0,0,./Kangxi_Dynasty.html
0,0,./Kansas_(Kansas_album).html
0,0,./Kansas_City_Brass.html
0,0,./Karamenderes_River.html
0,0,./Karen_Hines.html
0,0,./Karl_Michael_Ziehrer.html
0,0,./Karol_Mikuli.html
0,0,./Kate_Maki.html
0,0,./Kathy_Martin.html
0,0,./Katmandu_(comics).html
0,0,./Kawakawa,_New_Zealand.html
0,0,./Kea_Channel.html
0,0,./Kele_Okereke.html
0,0,./Kelp_goose.html
0,0,./Ken_Finkleman.html
0,0,./Kennedy_Town.html
0,0,./Kerf_(disambiguation).html
0,0,./Keystone_Aircraft.html
0,0,./Khalilou_Fadiga.html
0,0,./Kildonan_(Manitoba_electoral_district).html
0,0,./King_Kong.html
0,0,./King_Kong_(band).html
0,0,./King_of_the_Hill_(game).html
0,0,./Kingdom_of_Ndongo.html
0,0,./Kino_International_(company).html
0,0,./Kirkpatrick_Macmillan.html
0,0,./Kodori_Valley.html
0,0,./Koro_Wētere.html
0,0,./König_Jérôme.html
0,0,./Kronoberg_Regiment.html
0,0,./Kyle_Field.html
0,0,./Lainie_Kazan.html
0,0,./Lake_Bodom_murders.html
0,0,./Lake_Omapere.html
0,0,./Lamb.html
2,0,./Lancashire_Cotton_Famine.html
0,0,./Lang_Hancock.html
0,0,./Largest_photographs_in_the_world.html
0,0,./Lars_Roberg.html
0,0,./Latin_influence_in_English.html
0,0,./Lausanne_HC.html
0,0,./Lay_brother.html
0,0,./Leadership_school.html
0,0,./Leatherstocking_Tales.html
0,0,./Lecherous_Limericks.html
0,0,./Leeds_Girls'_High_School.html
0,0,./Leftoverture.html
0,0,./Leif_Johansson_(businessman).html
0,0,./Leitch_Ritchie.html
0,0,./Lenka_Reinerová.html
0,0,./Leo_III.html
0,0,./Leonardsville,_New_York.html
0,0,./Leontine_Sagan.html
0,0,./Léonce_Verny.html
0,0,./Liberal_Government_1859–66.html
0,0,./Liberal_Party_(Norway).html
0,0,./Lichtenwörth.html
0,0,./Lickorish–Wallace_theorem.html
0,0,./Light_organ.html
0,0,./Lincoln_Memorial_University.html
0,0,./Lionel_Morgan_(footballer).html
0,0,./Lips:_Music_for_Saying_It.html
0,0,./List_of_airports_in_Hong_Kong.html
0,0,./List_of_canal_engineers.html
0,0,./List_of_cities_in_West_Virginia.html
0,0,./List_of_Cypriots.html
0,0,./List_of_ETA_attacks.html
0,0,./List_of_harbours_in_Hong_Kong.html
0,0,./List_of_metropolitan_areas_in_Sweden.html
0,0,./List_of_military_hospitals_in_Turkey.html
0,0,./List_of_Russian-language_television_channels.html
0,0,./List_of_settlements_in_Boeotia.html
0,0,./List_of_state_leaders_in_1000.html
0,0,./List_of_state_leaders_in_1002.html
0,0,./List_of_state_leaders_in_1003.html
0,0,./List_of_state_leaders_in_1004.html
0,0,./List_of_state_leaders_in_1005.html
0,0,./List_of_state_leaders_in_1006.html
0,0,./List_of_state_leaders_in_1007.html
0,0,./List_of_state_leaders_in_1008.html
0,0,./List_of_state_leaders_in_1009.html
0,0,./List_of_state_leaders_in_1010.html
0,0,./List_of_state_leaders_in_1011.html
0,0,./List_of_state_leaders_in_1012.html
0,0,./List_of_state_leaders_in_1013.html
0,0,./List_of_state_leaders_in_1014.html
0,0,./List_of_state_leaders_in_1015.html
0,0,./List_of_state_leaders_in_1016.html
0,0,./List_of_state_leaders_in_1017.html
0,0,./List_of_state_leaders_in_1018.html
0,0,./List_of_state_leaders_in_1019.html
0,0,./List_of_state_leaders_in_1020.html
0,0,./List_of_state_leaders_in_1021.html
0,0,./List_of_state_leaders_in_1022.html
0,0,./List_of_state_leaders_in_1023.html
0,0,./List_of_state_leaders_in_1024.html
0,0,./List_of_state_leaders_in_1025.html
0,0,./List_of_state_leaders_in_1026.html
0,0,./List_of_state_leaders_in_1027.html
0,0,./List_of_state_leaders_in_1028.html
0,0,./List_of_state_leaders_in_1029.html
0,0,./List_of_state_leaders_in_1030.html
0,0,./List_of_state_leaders_in_1031.html
0,0,./List_of_state_leaders_in_1032.html
0,0,./List_of_state_leaders_in_1033.html
0,0,./List_of_state_leaders_in_1034.html
0,0,./List_of_state_leaders_in_1035.html
0,0,./List_of_state_leaders_in_1036.html
0,0,./List_of_state_leaders_in_1037.html
0,0,./List_of_state_leaders_in_1038.html
0,0,./List_of_state_leaders_in_1039.html
0,0,./List_of_state_leaders_in_1040.html
0,0,./List_of_state_leaders_in_1041.html
0,0,./List_of_state_leaders_in_1042.html
0,0,./List_of_state_leaders_in_1043.html
0,0,./List_of_state_leaders_in_1044.html
0,0,./List_of_state_leaders_in_1045.html
0,0,./List_of_state_leaders_in_1046.html
0,0,./List_of_state_leaders_in_1047.html
0,0,./List_of_state_leaders_in_1048.html
0,0,./List_of_state_leaders_in_1049.html
0,0,./List_of_state_leaders_in_1050.html
0,0,./List_of_state_leaders_in_1051.html
0,0,./List_of_state_leaders_in_1052.html
0,0,./List_of_state_leaders_in_1053.html
0,0,./List_of_state_leaders_in_1054.html
0,0,./List_of_state_leaders_in_1055.html
0,0,./List_of_state_leaders_in_1056.html
0,0,./List_of_state_leaders_in_1057.html
0,0,./List_of_state_leaders_in_1058.html
0,0,./List_of_state_leaders_in_1059.html
0,0,./List_of_state_leaders_in_1060.html
0,0,./List_of_state_leaders_in_1061.html
0,0,./List_of_state_leaders_in_1062.html
0,0,./List_of_state_leaders_in_1063.html
0,0,./List_of_state_leaders_in_1064.html
0,0,./List_of_state_leaders_in_1065.html
0,0,./List_of_state_leaders_in_991.html
0,0,./List_of_state_leaders_in_992.html
0,0,./List_of_state_leaders_in_993.html
0,0,./List_of_state_leaders_in_994.html
0,0,./List_of_state_leaders_in_995.html
0,0,./List_of_state_leaders_in_996.html
0,0,./List_of_state_leaders_in_997.html
0,0,./List_of_state_leaders_in_998.html
0,0,./List_of_state_leaders_in_999.html
0,0,./List_of_television_stations_in_Alabama_(by_channel_number).html
0,0,./List_of_unified_school_districts_in_Kansas.html
0,0,./Little_Woodbury.html
0,0,./Live_at_the_Whisky.html
0,0,./LMC.html
0,0,./Local_Emergency_Planning_Committee.html
0,0,./Locomotive_frame.html
0,0,./Loewy_(crater).html
0,0,./Logansport.html
0,0,./Lohrville.html
0,0,./Lola_Lemire_Tostevin.html
0,0,./London_Fletcher.html
0,0,./Lone_Oak.html
0,0,./Lone_Rock.html
0,0,./Lone_Tree.html
0,0,./Long_Key.html
0,0,./Long_Player_(album).html
0,0,./Long_Prairie.html
0,0,./Longear_sunfish.html
0,0,./Longton.html
0,0,./Longtown.html
0,0,./Longwood_(MBTA_station).html
0,0,./Longwood_Medical_Area_(MBTA_station).html
0,0,./Lord_Justice_Clerk.html
0,0,./Lost_Hills.html
0,0,./Lost_Springs.html
0,0,./Loudonville.html
0,0,./Louis_Vuitton_Cup.html
0,0,./Lowell_Green.html
0,0,./Lu_Zongyu.html
0,0,./Luc_Van_Acker.html
0,0,./Lucius_Alfenus_Senecio.html
0,0,./Luftfahrtgesellschaft_Walter.html
0,0,./Luo_Ronghuan.html
0,0,./Lusciano.html
0,0,./Lusik.html
0,0,./Luxembourg_in_the_Eurovision_Song_Contest.html
0,0,./Lydia_Sigourney.html
0,0,./Lymphadenectomy.html
0,0,./M51_(missile).html
0,0,./Macario_Sakay.html
0,0,./Machine_Gun_Corps.html
0,0,./Madagascan_pochard.html
0,0,./Madang_Province.html
0,0,./Mail_(disambiguation).html
0,0,./Malacorhynchus.html
0,0,./Mandibular_foramen.html
0,0,./Maneuverable_reentry_vehicle.html
0,0,./Mapp_and_Lucia.html
0,0,./Marc_Hempel.html
0,0,./Marcus_Antius_Crescens_Calpurnianus.html
0,0,./Maria_(album).html
0,0,./Mariana_mallard.html
0,0,./Mario_Scelba.html
0,0,./Mark_Hudson_(musician).html
0,0,./Mark_Kilgard.html
0,0,./Mark_L._Schneider.html
0,0,./Marketing_communications_planning_framework.html
0,0,./Marshall_University_–_South_Charleston_Campus.html
0,0,./Martin_Kramer.html
0,0,./Mary_Martha_Sherwood.html
0,0,./Maryam_(sura).html
0,0,./Maserati_Coupé.html
0,0,./Maserati_Quattroporte.html
0,0,./Masque_(Kansas_album).html
0,0,./Master_of_Advanced_Studies.html
0,0,./Mat'.html
0,0,./Matthew_Bourne.html
0,0,./Maungaturoto.html
0,0,./Max_Power.html
0,0,./Mädchen_in_Uniform.html
0,0,./MBF.html
0,0,./McAlmont_and_Butler.html
0,0,./Medical_consensus.html
0,0,./Medieval_weights_and_measures.html
0,0,./Meller's_duck.html
0,0,./Members_of_the_Australian_House_of_Representatives,_1984–1987.html
0,0,./Mephit.html
0,0,./Merkur_Scorpio.html
0,0,./Merkur_XR4Ti.html
0,0,./Mersey_Tunnels.html
0,0,./Mersey_Tunnels_Police.html
0,0,./Metric_Martyrs.html
0,0,./Mexican_duck.html
0,0,./MGC.html
0,0,./Michael_Giacchino.html
0,0,./Michael_Sprinker.html
0,0,./Might_Is_Right.html
0,0,./Mike_Ammann.html
0,0,./Mike_Bellotti.html
0,0,./Mike_Garrett.html
0,0,./Mike_Kelley_(artist).html
0,0,./Mike_McMahon,_Jr..html
0,0,./Mike_McMahon.html
0,0,./Mike_McMahon_(comics).html
0,0,./Mockingbird_Don't_Sing.html
0,0,./Modification.html
0,0,./Moerewa.html
0,0,./Mogho_Naba.html
0,0,./Mold_(disambiguation).html
0,0,./Monaka.html
0,0,./Moncton_Wildcats.html
0,0,./Monolith_(Kansas_album).html
0,0,./Moonlight_Graham.html
0,0,./Mopreme_Shakur.html
0,0,./Moses_Cleaveland.html
0,0,./MOT_test.html
0,0,./Motor_Trend_Car_of_the_Year.html
0,0,./Motorcycle_Safety_Foundation.html
0,0,./Mount_Sinai_Hospital_(Manhattan).html
0,0,./Mount_Upton,_New_York.html
0,0,./Mount_Woodroffe.html
0,0,./Mountain_State_University.html
0,0,./Mouse-like_hamster.html
0,0,./MP3_blog.html
0,0,./Mu_Draconis.html
0,0,./Mulch_Diggums.html
0,0,./Multiplication_factor.html
0,0,./Music_of_Mass_Destruction.html
0,0,./Mustafa_Suphi.html
0,0,./Muswell_Hillbillies.html
0,0,./Mutsu.html
0,0,./Mutulu_Shakur.html
0,0,./Mütter_Museum.html
0,0,./Mỹ_Sơn.html
0,0,./Nala.html
0,0,./Namagashi.html
0,0,./Name_of_Austria.html
0,0,./Nasal_spray.html
0,0,./Nate_Clements.html
0,0,./National_Bank_of_Belgium.html
0,0,./National_Bank_of_Poland.html
0,0,./National_Bank_of_Romania.html
0,0,./National_War_Museum.html
0,0,./Naturally_(Three_Dog_Night_album).html
0,0,./Ned_Young.html
0,0,./Negril.html
0,0,./Negus_(disambiguation).html
0,0,./Nekomata.html
0,0,./Netscape_Browser.html
0,0,./Never_was_so_much_owed_by_so_many_to_so_few.html
0,0,./New_Jersey_Junction_Railroad.html
0,0,./New_Jersey_Shore_Line_Railroad.html
0,0,./New_World_Information_and_Communication_Order.html
0,0,./New_York_Theatre_Workshop.html
0,0,./New_Zealand_scaup.html
0,0,./Nikos_Aliagas.html
0,0,./Nils_Waltersen_Aasen.html
0,0,./Nippon_Broadcasting_System.html
0,0,./NLE.html
0,0,./No_Borders_Here.html
0,0,./Nobuyuki_Idei.html
0,0,./North-West_Europe_Campaign_of_1940.html
0,0,./North-West_Europe_Campaign_of_1944–1945.html
0,0,./Northern_Lights_(Canadian_band).html
0,0,./Notre_Dame_Fighting_Irish_football.html
0,0,./Nu‘uanu_Pali.html
0,0,./O_Tannenbaum.html
0,0,./Oare.html
0,0,./Oberiu.html
0,0,./Odes_of_Solomon.html
0,0,./Odinic_Rite.html
0,0,./Odishi.html
0,0,./Odyssey_(disambiguation).html
0,0,./OfficeMax.html
0,0,./Official_versions_of_Doom.html
0,0,./Oga.html
0,0,./Oil_Bowl.html
0,0,./Oldcastle.html
0,0,./Olsen_Field_at_Blue_Bell_Park.html
0,0,./Olympic_Village.html
0,0,./Ontario_Highway_402.html
0,0,./Operational_Group.html
0,0,./Orange_County_Blue_Star.html
0,0,./Orange_Monkey.html
0,0,./Orders_of_magnitude_(specific_heat_capacity).html
0,0,./Orko_(character).html
0,0,./Országos_Középiskolai_Tanulmányi_Verseny.html
0,0,./OTA.html
0,0,./Owning_Mahowny.html
0,0,./Oxazolidine.html
0,0,./Ōsaka_Abenobashi_Station.html
0,0,./Pacific_Century.html
0,0,./Pai.html
0,0,./Pakistani_poetry.html
0,0,./Palo_Alto_High_School.html
0,0,./Parachute_candidate.html
0,0,./Paradise_shelduck.html
0,0,./Parambassis.html
0,0,./Parameswara.html
0,0,./Pariser.html
0,0,./Pariser–Parr–Pople_method.html
0,0,./Patrick_Chappatte.html
0,0,./Patrick_F._McManus.html
0,0,./Patrick_MacDowell.html
0,0,./Patrick_McEnroe.html
0,0,./Paul_Bellot.html
0,0,./Paul_Henry_(painter).html
0,0,./Paulette_Bourgeois.html
0,0,./Pavel_Telička.html
0,0,./PC_Fútbol.html
0,0,./Pennsylvania_Dutch_Country.html
0,0,./Pennybacker_Bridge.html
0,0,./People's_Democratic_Front_(Indonesia).html
0,0,./Per_Grazia_Ricevuta.html
0,0,./Percy_Pennybacker.html
0,0,./Perleberg.html
0,0,./Persistent_world.html
0,0,./Peter_Thompson_(Medal_of_Honor).html
0,0,./PFC_Spartak_Varna.html
0,0,./Pharmacovigilance.html
0,0,./Phèdre.html
0,0,./Philip_Street.html
0,0,./Philip_Testa.html
0,0,./Philippe_Huttenlocher.html
0,0,./Philippine_duck.html
0,0,./Philolaus_(crater).html
0,0,./Phyllis_Webb.html
0,0,./Pi_backbonding.html
0,0,./Picabo_Street.html
0,0,./Pickerel.html
0,0,./Pierre-Richard_Prosper.html
0,0,./Pink-eared_duck.html
0,0,./Pinus_cembroides.html
0,0,./Pinus_culminicola.html
0,0,./Pinus_johannis.html
0,0,./Pinus_orizabensis.html
0,0,./Pipeline_(software).html
0,0,./Pitheciinae.html
0,0,./Plumed_whistling_duck.html
0,0,./Pogus_Caesar.html
0,0,./Pokémon_Live!.html
0,0,./Police_division.html
0,0,./Polish_Auxiliary_Corps.html
0,0,./Polish_Legions.html
0,0,./Politehnica_University_of_Bucharest.html
0,0,./Pop-Tops.html
0,0,./Population_history_of_indigenous_peoples_of_the_Americas.html
0,0,./Porthcurno.html
0,0,./Portola.html
0,0,./Portuguese_Guyanese.html
0,0,./Posturography.html
0,0,./Power_(Kansas_album).html
0,0,./Pradyumna.html
0,0,./Prahova_Valley.html
0,0,./Prajna_Bhatta.html
0,0,./Prepaid_telephone_calls.html
0,0,./Price_Club.html
0,0,./Prince_Jean,_Duke_of_Guise.html
0,0,./Prince_Philippe,_Duke_of_Orléans_(1869–1926).html
0,0,./Principia_College.html
0,0,./Projective_differential_geometry.html
0,0,./Proton_pack.html
0,0,./Public_expenditure.html
0,0,./Public_housing_in_the_Australian_Capital_Territory.html
0,0,./Puna_teal.html
0,0,./QCad.html
0,0,./Quảng_Nam_Province.html
0,0,./Quebec_lieutenant.html
0,0,./Quonset_hut.html
0,0,./RAB.html
0,0,./Rachel_Paiement.html
0,0,./Radjah_shelduck.html
0,0,./Radziwiłł.html
0,0,./Ralph_Friedgen.html
0,0,./Ralph_Linton.html
0,0,./Ramagupta.html
0,0,./Ramesses_VI.html
0,0,./Ramesses_VII.html
0,0,./Ramlösa.html
0,0,./Randi.html
0,0,./Randy_McMichael.html
0,0,./Real_person_fiction.html
0,0,./Reap_the_Wild_Wind.html
0,0,./Rebecca_Jenkins.html
0,0,./Rebuttable_presumption.html
0,0,./Red-billed_teal.html
0,0,./Red_Ring.html
0,0,./Red_shoveler.html
0,0,./Refsmmat.html
0,0,./Reggie_Wayne.html
0,0,./Regions_of_Iran.html
0,0,./Repolarization.html
0,0,./Research_Assessment_Exercise.html
0,0,./Restoration_colony.html
0,0,./Retort.html
0,0,./Retrograde_signaling.html
0,0,./Retromolar_space.html
0,0,./Rex_Grossman.html
0,0,./Ribeirinha_(Lajes_do_Pico).html
0,0,./Richard_Gale_(British_Army_officer).html
0,0,./Richard_M._Kleberg.html
0,0,./Richard_Northey.html
0,0,./Richard_Sibbes.html
0,0,./Ringed_teal.html
0,0,./Rip_saw.html
0,0,./Ripsaw.html
0,0,./River_Itchen,_Warwickshire.html
0,0,./RNA-induced_silencing_complex.html
0,0,./Road_Town.html
0,0,./Rob_Storey.html
0,0,./Robert_Angus_Smith.html
0,0,./Robert_Charles_Sands.html
0,0,./Robert_Matthew.html
0,0,./Robert_Rimmer.html
0,0,./Robert_Sanderson_(theologian).html
0,0,./Robert_Wood_Johnson_Foundation.html
0,0,./Robert_Wuhl.html
0,0,./Robin_Gray_(New_Zealand_politician).html
0,0,./Robinson_Secondary_School.html
0,0,./Rockhampton_(disambiguation).html
0,0,./Romanian_cuisine.html
0,0,./Ron_Smith_(comics).html
0,0,./Ross_Thomas_(author).html
0,0,./Rotary_Connection.html
0,0,./Rudi_Bakhtiar.html
0,0,./Rutherford_Alcock.html
0,0,./S-Curve_Records.html
0,0,./Sadao_Watanabe.html
0,0,./Sadao_Watanabe_(musician).html
0,0,./Sadi_Moma.html
0,0,./Sagittal_keel.html
0,0,./Saint_Francis'_Satyr.html
0,0,./Saki_(disambiguation).html
0,0,./Saki_monkey.html
0,0,./Sam_Williams_(American_journalist).html
0,0,./Samantha_Bee.html
0,0,./Samarium(III)_chloride.html
0,0,./Sambara.html
0,0,./Samuel_Butman.html
0,0,./Samuel_Lloyd.html
0,0,./Samuel_Rutherford.html
0,0,./SaveRite.html
0,0,./Saviour_Machine.html
0,0,./São_João.html
0,0,./São_João_(Lajes_do_Pico).html
0,0,./São_João_Batista.html
0,0,./São_Luís_de_Montes_Belos.html
0,0,./Scharführer.html
0,0,./Schrank.html
0,0,./Scilla_siberica.html
0,0,./Scot_Thompson.html
0,0,./Scotochromogenic.html
0,0,./Scrim.html
0,0,./Sculptor_Dwarf_Galaxy.html
0,0,./Sean_Conway.html
0,0,./Seán_Ó_Riada.html
0,0,./Sector_3.html
0,0,./Seoul_Subway_Line_2.html
0,0,./Seoul_Subway_Line_3.html
0,0,./Seoul_Subway_Line_4.html
0,0,./Seoul_Subway_Line_6.html
0,0,./Seoul_Subway_Line_7.html
0,0,./Seoul_Subway_Line_8.html
0,0,./Separatrix.html
0,0,./Sergey_Chaplygin.html
0,0,./Sergio_Frusoni.html
0,0,./Service_discovery.html
0,0,./Seven_Separate_Fools.html
0,0,./Sha_Tin_Town_Hall.html
0,0,./Sharon_Shinn.html
0,0,./Shasta_(soft_drink).html
0,0,./Shatsk,_Volyn_Oblast.html
0,0,./Sheeba_Records.html
0,0,./Shepard_Settlement,_New_York.html
0,0,./Shifter.html
0,0,./Shipping_(fandom).html
0,0,./Shiva_Sutras.html
0,0,./Shreck.html
0,0,./Shrivara.html
0,0,./Shushan_the_Palace:_Hymns_of_Earth.html
0,0,./SIAI-Marchetti.html
0,0,./Sigelwara_Land.html
0,0,./Silver_teal.html
0,0,./Silverstone_(plastic).html
0,0,./Sine_qua_non.html
0,0,./Sinornithosaurus.html
0,0,./Sinus_Lunicus.html
0,0,./Sipsey_Wilderness.html
0,0,./SIT_Graduate_Institute.html
0,0,./SMB3.html
0,0,./SME_Craiova.html
0,0,./Southampton_Test_(UK_Parliament_constituency).html
0,0,./Southern_Carpathians.html
0,0,./Southern_Kurdish.html
0,0,./Soviet_and_Communist_studies.html
0,0,./Spacebus.html
0,0,./Spatula_Mundani.html
0,0,./SPCC.html
0,0,./Speedway_Motorsports.html
0,0,./Spotted_whistling_duck.html
0,0,./SS_Empire_Peacemaker.html
0,0,./Stacy_Haiduk.html
0,0,./Stamna,_Greece.html
0,0,./Stan_Collymore.html
0,0,./Star_(glyph).html
0,0,./Steve_Cohen.html
0,0,./Steve_Greenberg_(record_producer).html
0,0,./Steve_Hislop.html
0,0,./Steven_Greenberg.html
0,0,./Steven_Greenberg_(musician).html
0,0,./Steven_Jackson.html
0,0,./Stinson_108.html
0,0,./Strake_Jesuit_College_Preparatory.html
0,0,./Strange_Days_at_Blake_Holsey_High.html
0,0,./Strength_training.html
0,0,./Stroud_Green.html
0,0,./Sturgeon_Lake_(Ontario).html
0,0,./Succinimide.html
0,0,./Suitable_for_Framing.html
0,0,./SULFA.html
0,0,./Summer_in_the_Yukon.html
0,0,./Sun_Country_Airlines.html
0,0,./Sunny_Garcia.html
0,0,./Sunset_Limited.html
0,0,./Survey_vessel.html
0,0,./Sussex_County_Technical_School.html
0,0,./Suzanne_Sinclair_(New_Zealand_politician).html
0,0,./Svan.html
0,0,./Svans.html
0,0,./Svatopluk_I_of_Moravia.html
0,0,./Swollen_Members.html
0,0,./Symmetry_breaking.html
0,0,./Syntagma_(linguistics).html
1,0,./System_of_measurement.html
0,0,./System_utility_(system_engineering).html
0,0,./Ta-Ha.html
0,0,./Taegu_Broadcasting_Corporation.html
0,0,./Taghaza.html
0,0,./Takovo.html
0,0,./Tannu_Uriankhai.html
0,0,./Tanzanian_hip_hop.html
0,0,./Targe.html
0,0,./Taste_of_Chicago.html
0,0,./Taurus_Raging_Bull.html
0,0,./Te_Haumi.html
0,0,./Te_Haumi_River.html
0,0,./Tea_party.html
0,0,./Tears_Are_Not_Enough.html
0,0,./Teen_Angel.html
0,0,./Teenager_(Jane_Siberry_album).html
0,0,./Template:1922_Locomotive_Cyclopedia.html
0,0,./Template:Akita.html
0,0,./Template:Aomori.html
0,0,./Template:Chem-stub.html
0,0,./Template:Clear.html
0,0,./Template:Ehime.html
0,0,./Template:English_first-class_cricket_clubs.html
0,0,./Template:EU.html
0,0,./Template:FishBase.html
0,0,./Template:FishBase_family.html
0,0,./Template:FishBase_genus.html
0,0,./Template:FishBase_order.html
0,0,./Template:FishBase_species_alt.html
0,0,./Template:India-stub.html
0,0,./Template:ITIS.html
0,0,./Template:Kagawa.html
0,0,./Template:PBS-stub.html
0,0,./Template:Politics_of_Armenia.html
0,0,./Template:Politics_of_Aruba.html
0,0,./Template:Politics_of_Austria.html
0,0,./Template:Politics_of_Azerbaijan.html
0,0,./Template:Politics_of_Bahrain.html
0,0,./Template:Politics_of_Bangladesh.html
0,0,./Template:Politics_of_Belarus.html
0,0,./Template:Politics_of_Belgium.html
0,0,./Template:Politics_of_Bermuda.html
0,0,./Template:Politics_of_Bhutan.html
0,0,./Template:Politics_of_Bosnia_and_Herzegovina.html
0,0,./Template:Politics_of_Brunei.html
0,0,./Template:Politics_of_Bulgaria.html
0,0,./Template:Politics_of_Burma.html
0,0,./Template:Politics_of_Cambodia.html
0,0,./Template:Politics_of_Chile.html
0,0,./Template:Politics_of_China.html
0,0,./Template:Politics_of_Comoros.html
0,0,./Template:Politics_of_Croatia.html
0,0,./Template:Politics_of_Cuba.html
0,0,./Template:Politics_of_Cyprus.html
0,0,./Template:Politics_of_Denmark.html
0,0,./Template:Politics_of_Dominica.html
0,0,./Template:Politics_of_East_Timor.html
0,0,./Template:Politics_of_Ecuador.html
0,0,./Template:Politics_of_Egypt.html
0,0,./Template:Politics_of_El_Salvador.html
0,0,./Template:Politics_of_Estonia.html
0,0,./Template:Politics_of_Finland.html
0,0,./Template:Politics_of_France.html
0,0,./Template:Politics_of_French_Guiana.html
0,0,./Template:Politics_of_French_Polynesia.html
0,0,./Template:Politics_of_Georgia_(country).html
0,0,./Template:Politics_of_Germany.html
0,0,./Template:Politics_of_Gibraltar.html
0,0,./Template:Politics_of_Greece.html
0,0,./Template:Politics_of_Greenland.html
0,0,./Template:Politics_of_Grenada.html
0,0,./Template:Politics_of_Guadeloupe.html
0,0,./Template:Politics_of_Guatemala.html
0,0,./Template:Politics_of_Haiti.html
0,0,./Template:Politics_of_Honduras.html
0,0,./Template:Politics_of_Hong_Kong.html
0,0,./Template:Politics_of_Hungary.html
0,0,./Template:Politics_of_Iceland.html
0,0,./Template:Politics_of_India.html
0,0,./Template:Politics_of_Iran.html
0,0,./Template:Politics_of_Iraq.html
0,0,./Template:Politics_of_Israel.html
0,0,./Template:Politics_of_Italy.html
0,0,./Template:Politics_of_Jamaica.html
0,0,./Template:Politics_of_Japan.html
0,0,./Template:Politics_of_Jordan.html
0,0,./Template:Politics_of_Kazakhstan.html
0,0,./Template:Politics_of_Kuwait.html
0,0,./Template:Politics_of_Kyrgyzstan.html
0,0,./Template:Politics_of_Laos.html
0,0,./Template:Politics_of_Latvia.html
0,0,./Template:Politics_of_Lebanon.html
0,0,./Template:Politics_of_Liechtenstein.html
0,0,./Template:Politics_of_Lithuania.html
0,0,./Template:Politics_of_Luxembourg.html
0,0,./Template:Politics_of_Macau.html
0,0,./Template:Politics_of_Malaysia.html
0,0,./Template:Politics_of_Malta.html
0,0,./Template:Politics_of_Martinique.html
0,0,./Template:Politics_of_Mayotte.html
0,0,./Template:Politics_of_Mexico.html
0,0,./Template:Politics_of_Moldova.html
0,0,./Template:Politics_of_Monaco.html
0,0,./Template:Politics_of_Mongolia.html
0,0,./Template:Politics_of_Montserrat.html
0,0,./Template:Politics_of_Nepal.html
0,0,./Template:Politics_of_New_Caledonia.html
0,0,./Template:Politics_of_Nicaragua.html
0,0,./Template:Politics_of_Niger.html
0,0,./Template:Politics_of_Nigeria.html
0,0,./Template:Politics_of_Niue.html
0,0,./Template:Politics_of_North_Korea.html
0,0,./Template:Politics_of_Northern_Ireland.html
0,0,./Template:Politics_of_Norway.html
0,0,./Template:Politics_of_Oman.html
0,0,./Template:Politics_of_Pakistan.html
0,0,./Template:Politics_of_Palau.html
0,0,./Template:Politics_of_Palestine.html
0,0,./Template:Politics_of_Panama.html
0,0,./Template:Politics_of_Paraguay.html
0,0,./Template:Politics_of_Peru.html
0,0,./Template:Politics_of_Poland.html
0,0,./Template:Politics_of_Portugal.html
0,0,./Template:Politics_of_Puerto_Rico.html
0,0,./Template:Politics_of_Qatar.html
0,0,./Template:Politics_of_Réunion.html
0,0,./Template:Politics_of_Russia.html
0,0,./Template:Politics_of_Saint_Helena.html
0,0,./Template:Politics_of_Saint_Kitts_and_Nevis.html
0,0,./Template:Politics_of_Saint_Lucia.html
0,0,./Template:Politics_of_Saint_Pierre_and_Miquelon.html
0,0,./Template:Politics_of_Saint_Vincent_and_the_Grenadines.html
0,0,./Template:Politics_of_San_Marino.html
0,0,./Template:Politics_of_the_British_Virgin_Islands.html
0,0,./Template:Politics_of_the_Cook_Islands.html
0,0,./Template:Politics_of_the_Czech_Republic.html
0,0,./Template:Politics_of_the_Dominican_Republic.html
0,0,./Template:Politics_of_the_European_Union.html
0,0,./Template:Politics_of_the_Falkland_Islands.html
0,0,./Template:Politics_of_the_Faroe_Islands.html
0,0,./Template:Politics_of_the_Federated_States_of_Micronesia.html
0,0,./Template:Politics_of_the_Maldives.html
0,0,./Template:Politics_of_the_Marshall_Islands.html
0,0,./Template:Politics_of_the_Nagorno-Karabakh_Republic.html
0,0,./Template:Politics_of_the_Netherlands_Antilles.html
0,0,./Template:Politics_of_the_Northern_Mariana_Islands.html
0,0,./Template:Politics_of_the_Philippines.html
0,0,./Template:Politics_of_the_Pitcairn_Islands.html
0,0,./Template:Politics_of_the_Republic_of_Ireland.html
0,0,./Template:Politics_of_the_Republic_of_Kosovo.html
0,0,./Template:Politics_of_the_Republic_of_Macedonia.html
0,0,./Template:Politics_of_the_Sahrawi_Arab_Democratic_Republic.html
0,0,./Template:Timeline_of_the_Roman_Empire.html
0,0,./Template:TOC_right.html
0,0,./Template:Tokushima.html
0,0,./Template:Tottori.html
0,0,./Template:Ultima.html
0,0,./Template:Windows-stub.html
0,0,./Tengiz_Kitovani.html
0,0,./Terahertz_time-domain_spectroscopy.html
0,0,./Terry_Nutkins.html
0,0,./Testosterone_poisoning.html
0,0,./Texas_State_Highway_Loop_360.html
0,0,./Texas_University.html
0,0,./Téa.html
0,0,./The_Batman_(TV_series).html
0,0,./The_Best_of_3_Dog_Night.html
0,0,./The_Chocolate_Wheelchair_Album.html
0,0,./The_Comedy_Mill.html
0,0,./The_Compass_Rose.html
0,0,./The_Countess_Kathleen_and_Various_Legends_and_Lyrics.html
0,0,./The_Daily_Pennsylvanian.html
0,0,./The_Devil's_Notebook.html
0,0,./The_Dunn_Thing.html
0,0,./The_Farmer's_Bride.html
0,0,./The_Final_Rip_Off.html
0,0,./The_Fox_(novella).html
0,0,./The_Grand_Rapids_Press.html
0,0,./The_Great_One.html
0,0,./The_Herald-Dispatch.html
0,0,./The_Indian_Tomb_(1921_film).html
0,0,./The_Last_Rites_of_Jeff_Myrtlebank.html
0,0,./The_Minnesota_Review.html
0,0,./The_Modern_Dance.html
0,0,./The_Pioneers_(novel).html
0,0,./The_Queen's_Walk_(South_Bank).html
0,0,./The_Record_of_the_Year.html
0,0,./The_Rolling_Stones_Rock_and_Roll_Circus.html
0,0,./The_Singles_1992–2003.html
0,0,./The_Source_at_White_Plains.html
0,0,./The_Speckless_Sky.html
0,0,./The_Time_Traveller_(fanzine).html
0,0,./The_Walking.html
0,0,./The_Wanderings_of_Oisin_and_Other_Poems.html
0,0,./The_Westchester.html
0,0,./The_Young_Snakes.html
0,0,./Theobald_Boehm.html
0,0,./Theophoric_name.html
0,0,./Thin-film-transistor_liquid-crystal_display.html
0,0,./This_was_their_finest_hour.html
0,0,./Thom_Mayne.html
0,0,./Thomas_Buchanan_Read.html
0,0,./Thomas_Kemper.html
0,0,./Thomas_Mayne_Reid.html
0,0,./Thomas_Penfield_Jackson.html
0,0,./Thomas_Pringle.html
0,0,./Thomas_Wemyss_Reid.html
0,0,./Thomas_William_Robertson.html
0,0,./Thoracic_vertebrae.html
0,0,./Three_card_poker.html
0,0,./Three_Dog_Night_(album).html
0,0,./Threedegrees.html
0,0,./Thumb_Wars.html
0,0,./Tiger!_Tiger!_(Rudyard_Kipling).html
0,0,./Tiki_Barber.html
0,0,./Time-out_(sport).html
0,0,./Timeline_of_the_Orange_Revolution.html
0,0,./Titi.html
0,0,./TMD.html
0,0,./Toba_Tek_Singh_District.html
0,0,./Tobruk_(1967_film).html
0,0,./Tom_Knight_(scientist).html
0,0,./Tomb_of_the_Unknown_Soldier_(Romania).html
0,0,./Tony_Livesey.html
0,0,./Toplessness.html
0,0,./Topolobampo.html
0,0,./Touggourt.html
0,0,./Toyota_Cressida.html
0,0,./Toyota_Previa.html
0,0,./Toyota_Sienna.html
0,0,./Toyota_T100.html
0,0,./Trailokya.html
0,0,./Trans_World_Corporation.html
0,0,./Transit_watchdog.html
0,0,./Treaty_of_Madrid_(13_January_1750).html
0,0,./Tree:_Music_for_Films_and_Forests.html
0,0,./Trenck's_Pandurs.html
0,0,./Triamcinolone.html
0,0,./Triangle_of_Death_(Iraq).html
0,0,./Triloki_Nath_Khoshoo.html
0,0,./Tune-family.html
0,0,./Tunisian.html
0,0,./Tupolev_Tu-125.html
0,0,./Turoyo_language.html
0,0,./Tuscan.html
0,0,./TV_on_the_Radio.html
0,0,./Twenty_Minutes_of_Love.html
0,0,./Two_for_the_Seesaw.html
0,0,./Two_for_the_Show_(Kansas_album).html
0,0,./Tyers.html
0,0,./UFIP.html
0,0,./Ultimate_Elektra.html
0,0,./Ultimate_Six.html
0,0,./Ultimate_War.html
0,0,./Ultramafic_rock.html
0,0,./Uniforms_and_insignia_of_the_Sturmabteilung.html
0,0,./United_Ireland.html
0,0,./United_States_Ambassador-at-Large_for_War_Crimes_Issues.html
0,0,./United_States_Deputy_Secretary_of_Commerce.html
0,0,./United_States_v._Alvarez-Machain.html
0,0,./University_of_Minnesota_Law_School.html
0,0,./Upland_goose.html
0,0,./Uppland_Regiment.html
0,0,./Uppland_Regiment_(signals).html
0,0,./Urn.html
0,0,./USB_mass_storage_device_class.html
0,0,./USS_New_Ironsides.html
0,0,./Van's_Aircraft_RV-4.html
0,0,./Van_Pelt.html
0,0,./Varas.html
0,0,./Variatus_platy.html
0,0,./VEBA.html
0,0,./Vicks.html
0,0,./Victor_Conte.html
0,0,./Victor_Ninov.html
0,0,./Vilcabamba,_Peru.html
0,0,./Vinyl_Confessions.html
0,0,./Virgin_of_the_Rocks.html
0,0,./Visby_lenses.html
0,0,./Vitello_(crater).html
0,0,./Vogar.html
0,0,./Voluntari.html
0,0,./WAD.html
0,0,./Wahpeton.html
0,0,./Walschaerts_valve_gear.html
0,0,./Walter_Chalmers_Smith.html
0,0,./Walter_LaFeber.html
0,0,./Wandering_whistling_duck.html
0,0,./Wanstead_tube_station.html
0,0,./War_grave.html
0,0,./Washington_State_Route_526.html
0,0,./Waterloo_Sunset.html
0,0,./We_shall_fight_on_the_beaches.html
0,0,./Weaver_rail_mount.html
0,0,./Weihai.html
0,0,./Wesley_Walker.html
0,0,./West_Edmeston,_New_York.html
0,0,./West_Liberty_University.html
0,0,./West_Side_Nut_Club_Fall_Festival.html
0,0,./West_Virginia_State_University.html
0,0,./West_Virginia_University_at_Parkersburg.html
0,0,./West_Virginia_University_Institute_of_Technology.html
0,0,./Wheels_Car_of_the_Year.html
0,0,./When_I_Was_a_Boy.html
0,0,./Whetu_Tirikatene-Sullivan.html
0,0,./Whina_Cooper.html
0,0,./Whistling_duck.html
0,0,./Whitchurch-on-Thames.html
0,0,./White-winged_duck.html
0,0,./Wicked_(Maguire_novel).html
0,0,./Wilford_Scypion.html
0,0,./Wilhelm_Orlik-Rückemann.html
0,0,./Willard_(band).html
0,0,./Willetton_Senior_High_School.html
0,0,./William_Barnes_Rhodes.html
0,0,./William_Cadogan,_7th_Earl_Cadogan.html
0,0,./William_Davidson.html
0,0,./William_Dobell.html
0,0,./William_J._H._Boetcker.html
0,0,./William_M._Gray.html
0,0,./William_Roper_(biographer).html
0,0,./William_Sotheby.html
0,0,./William_Spencer_(poet).html
0,0,./William_Stewart_Rose.html
0,0,./Willis_McGahee.html
0,0,./WinImages.html
0,0,./Wink_(animated_file).html
0,0,./Winkle.html
0,0,./Winklepicker.html
0,0,./Women's_Health_Initiative.html
0,0,./Worldwide.html
0,0,./Wretch.html
0,0,./WSE.html
0,0,./WUTC.html
0,0,./WWE_Experience.html
0,0,./WWOR.html
0,0,./Xhamlliku.html
0,0,./Yahud.html
0,0,./Yamantaka.html
0,0,./Yeading_F.C..html
0,0,./Yellow-billed_pintail.html
0,0,./Yellow-billed_teal.html
0,0,./Yiwu.html
0,0,./Yōkan.html
0,0,./Yu-Gi-Oh!_The_Movie:_Pyramid_of_Light.html
0,0,./Yunus_(sura).html
0,0,./Zari.html
0,0,./Zeng_Jinlian.html
0,0,./Zero_Minus_Ten.html
0,0,./Ziauddin_Sardar.html
0,0,./Zigzag_transformer.html
0,0,./Zina_Bethune.html
0,0,./Zodiac_P.I..html
0,0,./Ž.html
0,0,./¡Mucha_Lucha!.html
