209	Lebesgue_spine.html
625	Spacetime_triangle_diagram_technique.html
44	Aichelburg–Sexl_ultraboost.html
1005	Cifrão.html
1329	Sethi–Ullman_algorithm.html
1702	Michael_Stifel.html
1984	Heine–Stieltjes_polynomials.html
1493	OSCAR.html
1792	Combination_tone.html
1221	Isotropic_quadratic_form.html
1817	Torsion-free_abelian_groups_of_rank_1.html
1094	Maxwell_relations.html
273	CDP-diacylglycerol_diphosphatase.html
1794	Pochhammer_k-symbol.html
371	Exponential_polynomial.html
1435	Alkylglycerone_kinase.html
1584	Jean-Marc_Fontaine.html
1398	Time–temperature_superposition.html
957	6-Hydroxypseudooxynicotine_dehydrogenase.html
61	Proof_that_π_is_irrational.html
1901	Šidák_correction_for_t-test.html
412	Quaternary_ammonium_cation.html
89	Bit.html
605	K·p_perturbation_theory.html
1027	Branching_theorem.html
1883	Vertex_model.html
1442	Draft:Shields_diagram.html
876	Jacobian_matrix_and_determinant.html
404	Dual_object.html
1843	Quote_notation.html
1501	Draft:Intelligent_scissors.html
1683	John_ellipsoid.html
632	Segmented_scan.html
421	All_horses_are_the_same_color.html
394	Functor.html
247	ISO_31-5.html
1239	Porosity.html
547	Gravity_wave.html
1977	Scherk_surface.html
1710	Circular_motion.html
664	Pourbaix_diagram.html
1091	Glycine—oxaloacetate_transaminase.html
1196	Born–Landé_equation.html
120	Prime-counting_function.html
1400	Indifference_price.html
1989	Direct_digital_synthesizer.html
408	Trigonometric_tables.html
220	Büchi_automaton.html
885	2-methylacyl-CoA_dehydrogenase.html
1097	File:Data_from_National_Vital_Statistics_Report_tPx.png.html
622	Hankel_transform.html
11	Matrix_multiplication_algorithm.html
1948	Hilbert_number.html
356	Tolman_length.html
1505	Ordinal_optimization.html
1771	Block_code.html
1067	Spherium.html
1472	Diffusive_gradients_in_thin_films.html
10	Squalene—-hopanol_cyclase.html
820	Millimeter_cloud_radar.html
1387	Higher-order_function.html
1859	Hedgehog_space.html
432	Power_usage_effectiveness.html
1332	Johann_Heinrich_von_Thünen.html
1808	Gyroscopic_exercise_tool.html
1316	Set_notation.html
186	YUV.html
67	Geohash.html
1766	Critical_dimension.html
1826	List_of_Solar_System_objects_by_size.html
1243	Condensation_point.html
1916	Nonlinear_dimensionality_reduction.html
1540	Cycle_space.html
796	Geopotential_model.html
1138	Greenberger–Horne–Zeilinger_state.html
514	Multidelay_block_frequency_domain_adaptive_filter.html
1762	Spread_of_a_matrix.html
995	De_Bruijn_notation.html
724	Nim.html
824	Helly–Bray_theorem.html
1133	Digraph_realization_problem.html
775	Earnings_surprise.html
287	N2-citryl-N6-acetyl-N6-hydroxylysine_synthase.html
1290	Hagenbach-Bischoff_quota.html
981	Stimulated_emission.html
111	Bounded_variation.html
1562	Torque_converter.html
1376	Performic_acid.html
453	Radix_economy.html
539	Phosphoinositide_5-phosphatase.html
682	Order_of_accuracy.html
573	Kempe_chain.html
1860	File:Xml_text_editor.png.html
1256	Query_throughput.html
693	Haloragaceae.html
675	Levenshtein_distance.html
484	Page_replacement_algorithm.html
1993	Abelian_sandpile_model.html
399	Friction.html
446	Reynolds_operator.html
1308	Mycothiol-dependent_formaldehyde_dehydrogenase.html
980	Zenithal_Hourly_Rate.html
1945	Small-angle_approximation.html
1985	Hydrotrope.html
746	Explained_sum_of_squares.html
867	Rotational_partition_function.html
1569	Phosphoglucan,_water_dikinase.html
1485	Symmetric_bilinear_form.html
390	Line–sphere_intersection.html
1753	Singularity_theory.html
1233	Hermitian_connection.html
860	Hermitian_hat_wavelet.html
645	2-dehydro-3-deoxy-D-gluconate_6-dehydrogenase.html
1275	Carbon_monoxide_dehydrogenase.html
1913	Counterpart_theory.html
1294	Full_width_at_half_maximum.html
793	Tractrix.html
1421	Independent_goods.html
1385	Christiaan_Huygens.html
1809	Black–Karasinski_model.html
1020	Kirsch_equations.html
1071	Stirling_polynomials.html
1470	Super-proportional_division.html
1607	List_of_deadly_earthquakes_since_1900.html
747	Isochoric_process.html
55	Nernst_equation.html
849	Passer_rating.html
1178	SCOP_formalism.html
1738	Gravitational_singularity.html
341	Algorithmic_efficiency.html
37	P::poly.html
1923	Palermo_Technical_Impact_Hazard_Scale.html
332	Uniformly_smooth_space.html
171	Contrast-to-noise_ratio.html
1476	Von_Neumann–Bernays–Gödel_set_theory.html
1953	Kinematics.html
1156	Optical_downconverter.html
1954	Contrast_resolution.html
1223	Glycine::sarcosine_N-methyltransferase.html
1669	Particle_displacement.html
383	Stationary_subspace_analysis.html
521	Modular_invariant_theory.html
861	Gauss–Laguerre_quadrature.html
1306	Singular_measure.html
1805	Nucleic_acid_structure.html
1354	Signal-to-noise_ratio.html
370	Dmitrii_Ivanovich_Zhuravskii.html
147	Kinetic_Monte_Carlo.html
1721	Renormalization_group.html
1862	Asymptotic_computational_complexity.html
1431	Type_conversion_in_C.html
567	Feature-oriented_programming.html
1617	Quadric_geometric_algebra.html
267	Galton–Watson_process.html
125	Extension_and_contraction_of_ideals.html
1278	Papyrus_99.html
778	Datafly_algorithm.html
1850	Free_group.html
1542	Codon_Adaptation_Index.html
1982	Pentagonal_gyrocupolarotunda.html
502	Lorentz_ether_theory.html
60	Centered_decagonal_number.html
174	Chemical_thermodynamics.html
1981	Erdős–Anning_theorem.html
448	Quantale.html
789	Magnetoception.html
1551	Rossby_parameter.html
1546	Π01_class.html
339	Clifford_analysis.html
1539	Minkowski–Steiner_formula.html
1970	Spectrum_analyzer.html
727	Local_oxidation_nanolithography.html
217	Lactoyl-CoA_dehydratase.html
1066	Tschirnhausen_cubic.html
26	Normalisation_by_evaluation.html
854	Microdispensing.html
1125	Poise.html
19	Second-order_fluid.html
1105	5-epiaristolochene_1,3-dihydroxylase.html
637	Unit_root.html
439	Mixed_anomaly.html
767	Learning_vector_quantization.html
1068	DNA-Functionalized_Quantum_Dots.html
1155	LeRoy_radius.html
380	Freydoon_Shahidi.html
1908	Relative_velocity.html
1124	2D_computer_graphics.html
1554	Rational_point.html
110	FLOPS.html
799	Presburger_arithmetic.html
679	Slant_height.html
1017	Template:My_Second_Sandbox.html
1640	Organotin_chemistry.html
337	Intervalence_charge_transfer.html
736	Schwarz–Ahlfors–Pick_theorem.html
627	Fano_factor.html
761	Pivot_element.html
1510	Set_function.html
177	Left_quotient.html
1822	Nonlinear_distortion.html
1187	Smith_predictor.html
1630	De_Donder–Weyl_theory.html
460	Triangular_matrix.html
1515	Cepstrum.html
1117	Write–write_conflict.html
314	CORR.html
1870	Monge–Ampère_equation.html
1430	Local_martingale.html
1990	Linear_bottleneck_assignment_problem.html
961	Sparse_matrix-vector_multiplication.html
1959	Revenue_equivalence.html
213	Desorption_electrospray_ionization.html
1972	List_of_electromagnetic_projectile_devices_in_fiction.html
1176	Vacuum_angle.html
1800	Uniform_tiling.html
9	Invariant_extended_Kalman_filter.html
283	Wirtinger_presentation.html
1251	Atkinson_friction_factor.html
1565	Papyrus_93.html
1100	Wave–particle_duality.html
1960	Dehydro-L-gulonate_decarboxylase.html
474	Base_change_map.html
1146	Pulse-density_modulation.html
1046	Equicontinuity.html
702	Min_entropy.html
274	Formal_ethics.html
1276	Guanosine_phosphorylase.html
900	Pharmacode.html
1508	Mathematical_fallacy.html
16	Rylands_Papyri.html
1353	3SUM.html
1796	Ultrasonic_pulse_velocity_test.html
1269	Acyclic_model.html
268	Relativistic_images.html
338	Relative_species_abundance.html
718	Codex_Athous_Lavrensis.html
1003	File:The_graph_y_=_3√x.png.html
1564	Block_and_tackle.html
1224	Cartesian_monoidal_category.html
575	Location_parameter.html
1189	Expected_marginal_seat_revenue.html
1086	Quantum_differential_calculus.html
1436	Time_derivative.html
1652	Approximation_algorithm.html
1212	Conformational_entropy.html
730	Brayton_cycle.html
1455	Alpha,alpha-trehalose_synthase.html
989	Mandel_Q_parameter.html
331	Singular_integral_operators_of_convolution_type.html
1285	Radar_scalloping.html
1440	Minuscule_81.html
1118	Phonon_noise.html
1627	Weierstrass–Enneper_parameterization.html
592	Runcinated_16-cell_honeycomb.html
1047	3,4-dihydroxyphenylalanine_oxidative_deaminase.html
707	Varghese_Mathai.html
491	Bayes_classifier.html
531	SL2.html
848	Decaprenylphospho-beta-D-ribofuranose_2-oxidase.html
880	2-furoyl-CoA_dehydrogenase.html
1351	Generalized_singular_value_decomposition.html
842	Gibbons–Hawking–York_boundary_term.html
1502	Eight_foot_pitch.html
701	Numeral_system.html
1049	Piston-cylinder_apparatus.html
1533	Thermospermine_synthase.html
1114	Fuchsian_group.html
1639	Frank–Tamm_formula.html
1749	Stokes_radius.html
1228	Cyanohydrin_beta-glucosyltransferase.html
838	Counting_measure.html
212	Exponentiation.html
410	5-simplex.html
811	10-hydroxytaxane_O-acetyltransferase.html
229	Almost_Mathieu_operator.html
259	Dual_space.html
739	Octal.html
1029	Linoleate_8R-lipoxygenase.html
1780	Methylaspartate_ammonia-lyase.html
1087	Phosphopentose_epimerase.html
892	Resistor.html
714	Tienstra_formula.html
651	Direct_labor_cost.html
1704	Phosphatidylinositol-3,4,5-trisphosphate_5-phosphatase.html
1577	Draft:GHz_Frequency_Ultrasonic_Interferometry.html
1647	Glucose-6-phosphate_1-epimerase.html
549	G-force.html
343	Equiconsistency.html
1206	Householder_transformation.html
726	Naked_singularity.html
1716	Self-clocking_signal.html
1737	File:Breathing_DS_reaction_diffusion.gif.html
963	Electron_bubble.html
265	Hitachi_DX07.html
654	5-aminopentanamidase.html
737	Quasiregular_element.html
393	Triphosphatase.html
238	Rumor_spread_in_social_network.html
1082	Sone.html
1211	Valuation_ring.html
631	Synchrotron_radiation.html
1263	Lonely_runner_conjecture.html
122	Beta_Pictoris.html
644	Soundfield_microphone.html
1002	Brunt–Väisälä_frequency.html
1207	Gradient-like_vector_field.html
770	Impossible_world.html
5	Micelle.html
684	Beta-ureidopropionase.html
1273	Player_efficiency_rating.html
1759	Wulff_construction.html
594	Inverse_distance_weighting.html
1571	Paracompact_space.html
137	Vertical_exaggeration.html
385	Surface_second_harmonic_generation.html
1587	Inositol-1,3,4-trisphosphate_5::6-kinase.html
1932	Semicircle.html
1050	Dinoflagellate_luciferase.html
1191	Shielding_effect.html
87	Circuits_over_sets_of_natural_numbers.html
662	Polynomial_kernel.html
512	Projective_linear_group.html
91	Pinhole_camera.html
368	Human_sex_ratio.html
152	2-dehydro-3-deoxy-L-arabinonate_dehydratase.html
508	Cation-anion_radius_ratio.html
321	Size_functor.html
874	Gibbons–Tsarev_equation.html
757	Hyperbolic_spiral.html
1591	Rectified_6-cubes.html
1891	Bundle_gerbe.html
455	Electronic_density.html
713	Koszul_cohomology.html
1429	ADP-specific_phosphofructokinase.html
468	Apiose_1-reductase.html
670	Hawking_radiation.html
738	Umbellic_acid.html
866	Accounting_rate_of_return.html
1130	Taxoid_14beta-hydroxylase.html
1230	JFET.html
1798	K1.html
1853	Minkowski–Bouligand_dimension.html
76	Alpha_helix.html
859	Midnight_Zoo.html
1900	Compton_edge.html
1966	Active_contour_model.html
1602	HITS_algorithm.html
1011	Truncated_tesseract.html
617	Simultaneous_localization_and_mapping.html
51	Consistency.html
1358	Multidimensional_network.html
572	Kinetic_energy.html
677	Real_hyperelliptic_curve.html
643	Repeat-accumulate_code.html
161	Rijndael_mix_columns.html
431	R*_tree.html
118	Cluster-weighted_modeling.html
758	N-formylmethionylaminoacyl-tRNA_deformylase.html
591	Template:Did_you_know_nominations::Lanczos_tensor.html
1593	Fresnel_integral.html
166	Phase_plane.html
1333	Avogadro_constant.html
658	Spherical_tokamak.html
1912	Surface_plasmon_resonance.html
234	Solar_micro-inverter.html
857	Covariant_derivative.html
1655	Biharmonic_equation.html
1106	Supnick_matrix.html
244	Barycentric-sum_problem.html
1799	Complex_algebraic_variety.html
1659	Phase_factor.html
1831	Radon–Riesz_property.html
68	Reinhardt_domain.html
1012	Square-free_integer.html
457	Simple_Dietz_method.html
1372	Cubic_function.html
522	Department_of_Physics,_Quaid-e-Azam_University.html
164	Dynamic_risk_measure.html
932	Software_engineering.html
324	Eigendecomposition_of_a_matrix.html
1767	Draft:Apprentissage_des_intérêts.html
1618	Average_cost.html
1373	Shoe_size.html
1213	Hans_B._Pacejka.html
351	Microtubule-severing_ATPase.html
43	Bonnor_beam.html
1855	Baudhayana_sutras.html
832	Term_test.html
1556	Cubic_mean.html
1963	Factor_graph.html
1806	Quasiregular_map.html
444	Alpha-ribazole_phosphatase.html
1532	7,8-didemethyl-8-hydroxy-5-deazariboflavin_synthase.html
992	25-Hydroxyvitamin_D3_1-alpha-hydroxylase.html
75	Harrod–Johnson_diagram.html
817	Subliminal_channel.html
63	Citrate—CoA_ligase.html
1060	Eigenvalue_perturbation.html
182	Generalizations_of_Pauli_matrices.html
1670	Modigliani–Miller_theorem.html
680	Coarea_formula.html
1051	Fresnel_zone_antenna.html
429	Microactuator.html
367	OPTICS_algorithm.html
1610	Causal_system.html
1629	CCA_tRNA_nucleotidyltransferase.html
1232	Analog-to-digital_converter.html
1137	Steroid_9alpha-monooxygenase.html
1199	Survey_camp.html
1031	Digit_sum.html
559	Ketol-acid_reductoisomerase.html
975	Faithful_representation.html
1731	Phase_detector_characteristic.html
1396	Doob_martingale.html
1813	Even_and_odd_functions.html
1924	Igusa_zeta-function.html
1152	Integral_graph.html
1141	Taxadiene_5alpha-hydroxylase.html
1837	2-EPT_probability_density_function.html
420	Force-directed_graph_drawing.html
301	Self-healing_hydrogels.html
1305	Graph_energy.html
760	Hochster–Roberts_theorem.html
1886	AKNS_system.html
574	Gyratory_equipment.html
998	Single-sideband_modulation.html
1599	File:Viral_Reproduction_Chart.png.html
1736	Penrose_tiling.html
565	Sheaf_of_spectra.html
1881	Massieu_function.html
794	Superintegrable_Hamiltonian_system.html
1694	Halogen_lamp.html
1524	Dynamic_mechanical_analysis.html
1761	Espejos.html
1412	Asymptotic_theory.html
470	Flex_lexical_analyser.html
569	Bond_albedo.html
786	Pressure.html
1377	Arachidonate_8-lipoxygenase.html
785	Ricinine_nitrilase.html
288	Generalized_Korteweg–de_Vries_equation.html
667	Parameter_identification_problem.html
386	Kappa_Fornacis.html
362	Separable_extension.html
1	Bounded_rationality.html
978	Hydroxylamine_dehydrogenase.html
133	Regular_polygon.html
1507	Pseudorandom_generator.html
416	Jacobian_ideal.html
515	Combinatorial_species.html
1696	Hasse_norm_theorem.html
629	Eisenstein_prime.html
950	Mixed_tensor.html
1983	Multivariate_Pareto_distribution.html
871	Morphological_skeleton.html
953	Quantum_depolarizing_channel.html
275	Linear_matrix_inequality.html
1319	Project_Cyclops.html
382	Panjer_recursion.html
1258	6-oxohexanoate_dehydrogenase.html
261	Braking_distance.html
1719	Rail_speed_limits_in_the_United_States.html
384	Stoletov_curve.html
1399	Positive_set_theory.html
1674	Classical_modal_logic.html
1410	Papyrus_11.html
201	Hypergeometric_function_of_a_matrix_argument.html
748	Solid_immersion_lens.html
1503	Kalman_decomposition.html
170	Bernstein_polynomial.html
160	Wiener_sausage.html
1109	Instantaneously_trained_neural_networks.html
896	Partial_residual_plot.html
1538	Srinivasa_Ramanujan.html
344	Axiom_of_constructibility.html
1600	Ribosylnicotinamide_kinase.html
433	Congruum.html
1523	Nominal_income_target.html
1104	Peptide-aspartate_beta-dioxygenase.html
29	Bergman_space.html
1545	Three-two_pull_down.html
1865	6-sphere_coordinates.html
1537	Coppersmith_method.html
249	Partial_correlation.html
1743	Shintani_zeta_function.html
1035	Lacunarity.html
254	Positive_and_negative_sets.html
1825	Object_categorization_from_image_search.html
1459	Gas_collecting_tube.html
1406	Methanosarcina-phenazine_hydrogenase.html
884	Curved_space.html
562	De_Bruijn_graph.html
1917	Free_energy_principle.html
92	Muḥammad_ibn_Mūsā_al-Khwārizmī.html
411	Affirming_a_disjunct.html
616	Galacturan_1,4-alpha-galacturonidase.html
1039	Direct_comparison_test.html
1971	Information-based_complexity.html
1969	Fructose-6-phosphate_phosphoketolase.html
1609	Inositol-hexakisphosphate_kinase.html
379	Mass_flow_rate.html
1516	Quasi-algebraically_closed_field.html
1724	Bernoulli_differential_equation.html
557	Pullback.html
1101	Lambert_summation.html
1032	Development_economics.html
132	B-tree.html
1765	6_Hebe.html
438	Scanning_joule_expansion_microscopy.html
1317	Stability_and_Growth_Pact.html
119	Adjusted_mutual_information.html
135	Kozai_mechanism.html
1726	Geographical_distance.html
798	Structure_theorem_for_finitely_generated_modules_over_a_principal_ideal_domain.html
1194	Seismic_inverse_Q_filtering.html
666	Intravascular_volume_status.html
1090	Voltage.html
692	Stochastic_equicontinuity.html
602	Pyridoxal_4-dehydrogenase.html
1229	MOSFET.html
279	Topological_defect.html
189	Small_population_size.html
1754	Simple_extension.html
742	Homotopy_group_with_coefficients.html
1869	Template:Modern_physics.html
1914	Template:Gr::doc.html
780	Olation.html
1626	Normal-form_game.html
990	Mass_in_general_relativity.html
1274	Delta_modulation.html
1177	Bhāskara_II.html
221	Sauter_mean_diameter.html
1172	Flashsort.html
1092	Strain_energy.html
1612	Latent_Dirichlet_allocation.html
577	Dynamic_method.html
1757	Mental_chronometry.html
1484	Storage_tube.html
262	Albert_Ingham.html
128	Birge–Sponer_method.html
827	Line_moiré.html
873	Spherometer.html
1471	Concurrent_constraint_logic_programming.html
1433	Aridity_index.html
926	Bond_characterization.html
1506	Tomasi–Kanade_factorization.html
1619	Taylor_KO_Factor.html
945	Laguerre_plane.html
1772	Umbrella_sampling.html
1344	O-dihydroxycoumarin_7-O-glucosyltransferase.html
1769	List_of_genocides_by_death_toll.html
879	Graphical_unitary_group_approach.html
1023	Leda_Atomica.html
1764	Line_spectral_pairs.html
1730	Bony–Brezis_theorem.html
920	Two-element_Boolean_algebra.html
1208	Bernoulli_polynomials.html
216	Yang–Mills_theory.html
669	N-ary_group.html
1707	Thiocyanate_isomerase.html
1478	Glutathione—cystine_transhydrogenase.html
1119	Zero-sum_game.html
903	Current–voltage_characteristic.html
899	Subgroup_series.html
1135	Robotics_conventions.html
477	Curie.html
1904	Elliott_formula.html
276	Chi-squared_distribution.html
1863	Quantum_efficiency.html
387	Bundle_adjustment.html
414	Maneuvering_speed.html
1254	Template_matching.html
937	Statistical_model.html
1198	Airway_pressure_release_ventilation.html
52	Aspartate—tRNA_ligase.html
1929	Anisotropic_Network_Model.html
1703	Total_electron_content.html
1298	Amortized_analysis.html
787	Teresa_Cohen.html
309	Zonal_polynomial.html
947	Liu_Hui.html
175	Other_dimensions_of_the_Discworld.html
1151	Gradient_copolymers.html
1418	Angelescu_polynomials.html
1851	Gamma_Ceti.html
1334	Saturable_absorption.html
447	Limit_ordinal.html
1409	Symmetric_rank-one.html
788	Division_by_zero.html
946	Standardized_moment.html
806	Graded_poset.html
744	Càdlàg.html
965	Book_embedding.html
959	Quadratic_differential.html
143	Two-balloon_experiment.html
1997	Galvani_potential.html
30	Asymptotic_analysis.html
95	Bias_of_an_estimator.html
1425	Table_of_polyhedron_dihedral_angles.html
1622	Advertising_elasticity_of_demand.html
449	Kirchhoff_integral_theorem.html
1357	Specific_detectivity.html
1487	Dynatron_oscillator.html
294	Alexandru_Froda.html
1480	Unduloid.html
1359	Draft:Disparity_Filter_Algorithm_of_Weighted_Network.html
218	L-arabinonate_dehydratase.html
1287	Magnetic_dipole_transition.html
4	Propioin_synthase.html
1167	Complete_quotient.html
695	Semi-major_axis.html
1795	1957–58_Beşiktaş_J.K._season.html
1070	Generalized_gamma_distribution.html
732	Schwinger–Dyson_equation.html
1803	Info-gap_decision_theory.html
973	Excisive_triad.html
1718	Ford–Fulkerson_algorithm.html
121	Cubic_Hermite_spline.html
1236	Convex_hull.html
501	Kostant_polynomial.html
646	Chromatic_polynomial.html
1160	Protein_adsorption.html
1096	Integration_using_parametric_derivatives.html
1397	Superconducting_coherence_length.html
306	Caccioppoli_set.html
473	Pyroelectricity.html
1490	Rotational_spectroscopy.html
580	Wagner_graph.html
1006	Reciprocal_gamma_function.html
1350	Degree-preserving_randomization.html
1434	Pluto.html
797	Weibel_instability.html
1679	Elementary_Calculus:_An_Infinitesimal_Approach.html
1422	MacMahon_Master_theorem.html
165	Cumulative_distribution_function.html
488	List_of_number_fields_with_class_number_one.html
1548	Louis_Bachelier.html
1016	Ring_learning_with_errors_signature.html
77	Gamma-glutamylhistamine_synthase.html
1121	Weinberg–Witten_theorem.html
1244	Quantum_pendulum.html
1340	OPLS.html
1555	Motion_planning.html
1827	CompactFlash.html
1010	Sub-orbital_spaceflight.html
318	Enriched_category.html
779	Inositol_4-methyltransferase.html
300	Error_correction_model.html
805	Myricetin_O-methyltransferase.html
1672	Fatou–Bieberbach_domain.html
450	Vector_clock.html
1549	KCDSA.html
242	Voronoi_pole.html
1197	Non-standard_positional_numeral_systems.html
1885	Freezing-point_depression.html
554	Radical_polynomial.html
179	Exponential_factorial.html
1343	Radiation_pattern.html
298	Hawking_energy.html
46	Virtual_work.html
1272	Oseen_equations.html
1727	Carbonate_compensation_depth.html
140	Square.html
1219	Matrix_ring.html
1646	Millioctave.html
712	Napierian_logarithm.html
497	Hyperbola.html
1998	Phenylpyruvate_decarboxylase.html
759	Nicotinamidase.html
1663	Leggett–Garg_inequality.html
538	Dining_cryptographers_problem.html
1706	Walk-on-spheres_method.html
895	Regular_grammar.html
272	Scattering_theory.html
1466	Inelastic_neutron_scattering.html
124	Toads_and_Frogs.html
1541	Gauge_covariant_derivative.html
818	Nicotine_blue_oxidoreductase.html
500	Nucleic_acid_thermodynamics.html
673	Hybrid_difference_scheme.html
663	Adenine_deaminase.html
1360	Secrets_of_the_Alchemist_Dar.html
31	Little–Parks_effect.html
1905	Pentagonal_orthobicupola.html
967	Choquet_integral.html
1844	Extension_by_definitions.html
1518	Software_reliability_testing.html
1192	Oscillatory_integral_operator.html
517	Newey–West_estimator.html
257	Ryll-Nardzewski_fixed-point_theorem.html
764	N-methyl-2-oxoglutaramate_hydrolase.html
1013	Banach–Mazur_theorem.html
1222	Waterline.html
1956	Dini–Lipschitz_criterion.html
956	Ultrasonic_grating.html
1638	Murray_loop_bridge.html
278	Chevalley_basis.html
1934	Nodal_precession.html
1713	Common-mode_rejection_ratio.html
869	Perpendicular_axis_theorem.html
534	File:L1infin.png.html
106	ACV_synthetase.html
933	McConnell_equation.html
1583	Pólya_conjecture.html
1637	Unique_games_conjecture.html
576	Alternating_Turing_machine.html
205	Representer_theorem.html
443	Alpha-amino-acid_esterase.html
1895	Fxgrep.html
1482	Harish-Chandra_transform.html
1888	Regenerative_brake.html
1897	Timed_event_system.html
1776	Template:Subatomic_particle::symbol::chargino_2+.html
1423	Quadratic_integral.html
1059	Particle_in_a_one-dimensional_lattice.html
1259	Algebra_tile.html
1676	Block_matrix_pseudoinverse.html
619	Variance-based_sensitivity_analysis.html
703	Waveshaper.html
1123	Q-difference_polynomial.html
1361	Salicyl-alcohol_beta-D-glucosyltransferase.html
437	Cyclotruncated_7-simplex_honeycomb.html
1069	Tietze_extension_theorem.html
204	Ancillary_statistic.html
463	Orthogonal_transformation.html
542	Dextrorotation_and_levorotation.html
1511	Euler_class.html
1793	Hyperbolic_angle.html
236	Borderline_tree.html
352	Mean_absolute_percentage_error.html
1313	Rydberg_formula.html
940	Angular_aperture.html
1148	Double-elimination_tournament.html
427	Hardy–Littlewood_inequality.html
1668	Strong_pseudoprime.html
581	Gall_stereographic_projection.html
1906	Accumulation::distribution_index.html
551	David_Hestenes.html
260	Quasiregular_polyhedron.html
154	Black_Widow_Pulsar.html
85	Variable_neighborhood_search.html
353	Kazimierz_Zarankiewicz.html
1918	Template:Negative_binomial_distribution.html
691	Double_layer_forces.html
821	Robin_boundary_condition.html
1660	Papyrus_123.html
579	Gift_wrapping_algorithm.html
1369	3-hydroxyanthranilate_oxidase.html
810	Perfect_ruler.html
1833	Dissociative_recombination.html
1512	Dividend_policy.html
1116	S-adenosylmethionine_synthetase_enzyme.html
1380	Appell_series.html
1018	Riemannian_connection_on_a_surface.html
1973	Kin_selection.html
982	Hyperoctahedral_group.html
1824	Evolution_of_a_random_network.html
1043	Extensive-form_game.html
1242	Allan_variance.html
430	Debye_model.html
1878	Photoevaporation.html
1964	Highly_structured_ring_spectrum.html
1882	Markov_chain.html
376	Electron_optics.html
1722	Modern_valence_bond_theory.html
678	Box_office.html
1576	Vomilenine_reductase.html
1439	Sum_frequency_generation_spectroscopy.html
1734	Matrix_equivalence.html
1255	Voorhoeve_index.html
1841	Hubbard–Stratonovich_transformation.html
1081	United_States_customary_units.html
1752	Wick_rotation.html
942	Discontinuous_Deformation_Analysis.html
1426	Inaccessible_cardinal.html
1961	Logarithmic_units.html
595	Pantoate_4-dehydrogenase.html
1265	Gibberellin_beta-D-glucosyltransferase.html
1411	4-Hydroxycoumarin_synthase.html
15	F-test.html
943	Institutional_complementarity.html
1386	Meshedness_coefficient.html
766	Physical_quantity.html
1237	Dolichyl-diphosphooligosaccharide—protein_glycotransferase.html
231	Line_graph.html
1128	Komornik–Loreti_constant.html
252	2-hydroxychromene-2-carboxylate_isomerase.html
1383	Dirac_measure.html
704	Neptunium.html
1527	Shaping_codes.html
156	Club_set.html
1073	NOON_state.html
99	Stationary_process.html
523	Geraniol_dehydrogenase.html
1876	Josephson_energy.html
469	Aryl-alcohol_dehydrogenase.html
708	Denotational_semantics_of_the_Actor_model.html
890	Selberg_integral.html
74	AGM_method.html
93	Graph_algebra.html
830	Null_graph.html
1787	Summation_equation.html
907	Barrier_cone.html
243	Fork–join_queue.html
423	6-acetylglucose_deacetylase.html
720	Electron_liquid.html
395	Figure_of_merit.html
833	Pentium_FDIV_bug.html
1004	Fanning_friction_factor.html
1404	Summation.html
1938	Color_quantization.html
571	Hash-based_message_authentication_code.html
348	Quadric.html
1297	T-matrix_method.html
1076	Shannon–Fano–Elias_coding.html
1169	Reality_structure.html
1288	Algebraic_expression.html
206	Germacrene-A_synthase.html
1636	Logarithmically_convex_set.html
660	Wedge.html
528	Tomography.html
829	Benktander_type_I_distribution.html
1300	Dual_q-Hahn_polynomials.html
1080	Belleville_washer.html
1634	Trophic_level.html
109	Gear.html
1095	Bond_duration_closed-form_formula.html
1064	Low-dropout_regulator.html
1007	Loanable_funds.html
1374	Bean_machine.html
1909	Template:Table_of_electromagnetic_constants.html
700	Czochralski_process.html
1065	Benzoyl-CoA_2,3-dioxygenase.html
255	Tate_algebra.html
1084	25-hydroxycholesterol_7α-hydroxylase.html
886	Decylhomocitrate_synthase.html
655	Kepler_problem.html
1687	Graphlets.html
0	Bendixson–Dulac_theorem.html
1458	Mackey_topology.html
1735	Bonferroni_correction.html
1414	Continuously_embedded.html
1852	The_Entropy_Influence_Conjecture.html
308	Leontief_production_function.html
458	Turbulence.html
725	Guanidinoacetase.html
290	Triangular_network_coding.html
392	Komlós–Major–Tusnády_approximation.html
1140	1,8-Cineole_2-exo-monooxygenase.html
495	Rouse_model.html
1974	List_of_Miami_Heat_seasons.html
1473	Behrens–Fisher_problem.html
487	Glucosylglycerol_3-phosphatase.html
485	Signaling_game.html
1489	Structural_engineering.html
346	Holor.html
315	Singular_value_decomposition.html
745	Approximate_tangent_space.html
1415	Ostrogradsky_instability.html
550	List_of_thermal_conductivities.html
969	Circulant_matrix.html
1980	Schoen–Yau_conjecture.html
417	Stress_resultants.html
1978	Polynomially_reflexive_space.html
138	Bohr_model.html
1249	Hilbert–Schmidt_operator.html
1890	Kenneth_L._Clarkson.html
845	Moore_matrix.html
116	Phosphoribosylformylglycinamidine_synthase.html
983	IP_set.html
1113	7-Methylxanthine_demethylase.html
800	Poincaré_conjecture.html
1919	Heyting_algebra.html
1921	3-hydroxy-3-isohexenylglutaryl-CoA_lyase.html
1828	Koszul_algebra.html
1991	Graph_bandwidth.html
1781	Shear_matrix.html
870	1,2-dihydroxy-6-methylcyclohexa-3,5-dienecarboxylate_dehydrogenase.html
139	Rankin–Selberg_method.html
317	Flow_chart_language.html
606	Descriptive_set_theory.html
1205	Gain-field_encoding.html
872	Main_diagonal.html
1614	Current_mirror.html
862	Drinfeld-Sokolov-Wilson_equation.html
445	Location_estimation_in_sensor_networks.html
889	Rail_transport.html
1543	N-acetylglucosamine_kinase.html
73	Evapotranspiration.html
601	Linear_map.html
1594	Finite_topology.html
1479	Crocetin_glucosyltransferase.html
1201	Infinity_Laplacian.html
401	Kronecker_symbol.html
436	Triangular_tiling_honeycomb.html
1099	Teapot_Industries.html
603	F-number.html
1460	Acceptance_sampling.html
214	Cucurbitadienol_synthase.html
241	Cabtaxi_number.html
194	9,12-octadecadienoate_8-hydroperoxide_8S-isomerase.html
1717	General_Leibniz_rule.html
334	Real_representation.html
1407	Aggregate_expenditure.html
312	Invertible_module.html
877	Catastrophe_theory.html
271	Golod–Shafarevich_theorem.html
1823	Binomial_number.html
1832	Draft:The_study_of_the_momentum_transfer_due_to_fluid_friction_and_heat_transfer_between_a_stream_and_a_solid_object_in_internal_flow,.html
1590	Locally_compact_quantum_group.html
153	Totally_positive_matrix.html
94	Weighted_geometric_mean.html
520	Encoder_receiver_transmitter.html
686	MMH-Badger_MAC.html
1650	Glycoprotein-fucosylgalactoside_a-N-acetylgalactosaminyltransferase.html
246	Polygon_triangulation.html
1083	Random_effects_model.html
81	Tree_walking_automaton.html
919	TCP_tuning.html
35	Adenosine_triphosphate.html
1849	Fair_item_assignment.html
425	Carbon_nanotube_field-effect_transistor.html
1001	Blade_element_momentum_theory.html
86	Adaptive_expectations.html
295	Pseudo-ring.html
807	Tail_value_at_risk.html
1797	3-hydroxymethylcephem_carbamoyltransferase.html
868	Dolby_Pro_Logic.html
802	J-class_yacht.html
750	Shubnikov–de_Haas_effect.html
690	Mercator_projection.html
1393	Hemorheology.html
319	Stable_manifold.html
181	Binary_entropy_function.html
1910	Lumpability.html
168	Weighing_matrix.html
1250	Flavonol_3-O-glucosyltransferase.html
1588	Fine-structure_constant.html
347	XOR_swap_algorithm.html
1675	Mental_calculation.html
1747	Pentagonal_pyramid.html
835	Matrix-exponential_distribution.html
1922	Cyclohexane-1,2-dione_hydrolase.html
199	Zener_diode.html
1712	Geranylgeranyl_diphosphate_diphosphatase.html
1246	Crossed_product.html
1143	Hans_Werner_Ballmann.html
582	Lerche–Newberger_sum_rule.html
42	Abstract_polytope.html
1940	Greenberg–Hastings_cellular_automaton.html
1330	Silver_chloride_electrode.html
949	Poisson_manifold.html
1260	Five_Equations_That_Changed_the_World.html
1389	Pentagonal_prism.html
1821	Einstein_aether_theory.html
1522	NADPH—cytochrome-c2_reductase.html
604	Speedup.html
481	Savart.html
1347	Fluid_flow_through_porous_media.html
1915	Soil-Adjusted_Vegetation_Index.html
715	File:LogDirichletDensity-alpha_0.1_to_alpha_1.9.gif.html
852	Rate–distortion_theory.html
1241	A-law_algorithm.html
1608	Covariant_formulation_of_classical_electromagnetism.html
563	Shattered_set.html
65	K3_surface.html
1384	Mixed_graph.html
527	Deligne–Mumford_stack.html
8	Widom_scaling.html
1149	Trans-cinnamate_2-monooxygenase.html
792	Alternated_hypercubic_honeycomb.html
1154	Milnor–Moore_theorem.html
1280	Cohen–Macaulay_ring.html
1873	Equivalent_potential_temperature.html
1112	Weight.html
251	Phase_correlation.html
14	Copal-8-ol_diphosphate_hydratase.html
642	Sum-of-squares_optimization.html
424	Cascode.html
1566	Hazard_ratio.html
1519	Perturbation_function.html
1168	Algebraically_compact_module.html
327	Left–right_symmetry.html
717	Primorial_prime.html
1437	Nearest-neighbor_chain_algorithm.html
302	Pseudoforest.html
530	Alignment-free_sequence_analysis.html
1994	Vigenère_cipher.html
442	Strombine_dehydrogenase.html
924	Cataphora.html
1530	Credit_valuation_adjustment.html
1739	Cysteine_lyase.html
1405	Papyrus_10.html
1664	Elias_gamma_coding.html
163	Gamma_Capricorni.html
1438	Hydraulic_engineering.html
1868	Atomic_line_filter.html
307	Whitney_extension_theorem.html
689	Cornish–Fisher_expansion.html
813	Thermodynamic_equations.html
1171	Niemeier_lattice.html
377	Hill_climbing.html
1943	Mel_scale.html
226	Confidence_and_prediction_bands.html
1987	Rotational_sampling_in_wind_turbines.html
292	Quantum_spin_Hall_effect.html
1887	Method_of_steepest_descent.html
1120	Quasi-polynomial.html
504	Invariant_manifold.html
1962	Luminosity_distance.html
948	Gale–Ryser_theorem.html
17	Strict_function.html
976	Hypertopology.html
232	Voltage_regulation.html
296	Gibbs–Duhem_equation.html
129	5-phosphonooxy-L-lysine_phospho-lyase.html
1553	Carbonic_anhydrase.html
1349	Methylated-thiol-coenzyme_M_methyltransferase.html
333	DUTP_diphosphatase.html
1339	Semi-supervised_learning.html
1465	Nonoblique_correction.html
1701	Stone–Čech_compactification.html
1134	Stallings_theorem_about_ends_of_groups.html
375	Manuscripts_of_the_Austrian_National_Library.html
1744	Genic_capture.html
451	Stock_duration.html
503	Iman_Maleki.html
740	Buckling.html
350	Reductio_ad_absurdum.html
70	Inverse_photoemission_spectroscopy.html
783	Kapitsa–Dirac_effect.html
286	Feature_hashing.html
1894	Sphere_spectrum.html
256	Oil_dispersants.html
1022	Crystal_system.html
1193	Aryl-alcohol_oxidase.html
784	Tango_tree.html
1164	Richard_Schroeppel.html
999	Non-associative_algebra.html
1042	Portal:Arctic::Statistics.html
1253	Thue–Morse_sequence.html
1266	Binary_tetrahedral_group.html
1420	Atomic_form_factor.html
688	Verifiable_random_function.html
1110	Magnetic_complex_impedance.html
1760	Hydraulic_diameter.html
1514	Count–min_sketch.html
248	Superficial_velocity.html
78	Forbidden_subgraph_problem.html
185	Leray–Hirsch_theorem.html
239	Solar_balloon.html
215	Chandrasekhar_limit.html
123	Eilenberg–Ganea_theorem.html
1296	COROT-1b.html
1671	CD48.html
1159	Omicron_Ursae_Majoris.html
939	Maximum_modulus_principle.html
1131	Transmission_risks_and_rates.html
1714	Proto-value_functions.html
1662	Paul_C._Yang.html
1132	Trimethylamine_monooxygenase.html
32	Helical_resonator.html
1552	Volatility_arbitrage.html
227	Color_temperature.html
1911	Paul_Flory.html
1572	DTDP-3-amino-3,6-dideoxy-alpha-D-glucopyranose_transaminase.html
1732	Phase_boundary.html
661	Shallow_donor.html
336	Economic_dispatch.html
578	Brownian_model_of_financial_markets.html
994	HWB_color_model.html
440	Cross-correlation.html
203	Template:HAZMAT_Class_6_Packing_Group_LC50_and_R.html
1318	Structure_tensor.html
812	13-hydroxylupinine_O-tigloyltransferase.html
1575	Decay_correct.html
1697	Commutator_collecting_process.html
47	Bosonic_string_theory.html
752	Orthogonal_frequency-division_multiplexing.html
991	Tartronate_O-hydroxycinnamoyltransferase.html
615	Industrial_noise.html
1723	Banach–Alaoglu_theorem.html
1992	47_Ursae_Majoris.html
1819	Killed_process.html
855	Time–frequency_representation.html
1930	2,6-dihydroxypseudooxynicotine_hydrolase.html
1665	Relative_strength_index.html
1589	Unit_interval.html
1570	Steinmetz_solid.html
131	Modified_Richardson_iteration.html
585	Logarithm.html
741	Coleman–Liau_index.html
1451	CDP-diacylglycerol—serine_O-phosphatidyltransferase.html
102	Bayesian_inference_in_marketing.html
202	Cycle_detection.html
1558	Geographic_coordinate_system.html
506	Molecular_modelling.html
1371	Avalanche_diode.html
192	Variable_cycle_engine.html
72	Solvency_ratio.html
1693	Osculating_circle.html
142	Higher-dimensional_supergravity.html
532	Infrared.html
1147	Codex_Claromontanus.html
728	Béla_Karlovitz.html
612	Morse_potential.html
1561	Decoherence-free_subspaces.html
777	Time_hierarchy_theorem.html
511	Tsallis_entropy.html
1454	Welding.html
1252	Bit_error_rate.html
599	Well-pointed_category.html
188	Cardinal_number.html
397	Unrestricted_Hartree–Fock.html
169	Fokker_periodicity_block.html
1322	Composite_Higgs_models.html
1745	Phase_transition.html
167	5alpha-hydroxysteroid_dehydratase.html
1526	Opaque_context.html
1378	Thymidine_phosphorylase.html
1309	Introselect.html
640	Kohn_anomaly.html
456	Finger_binary.html
831	Phase_space.html
814	8-Hydroxygeraniol_dehydrogenase.html
476	Cholest-5-ene-3beta,7alpha-diol_3beta-dehydrogenase.html
1729	Semantic_compression.html
902	15-Cis-phytoene_desaturase.html
1635	Cycloeucalenol_cycloisomerase.html
1925	Eye_movement_in_music_reading.html
1996	Polarized_light_microscopy.html
665	Proof_of_impossibility.html
561	Planck_length.html
373	Bisymmetric_matrix.html
1370	Papyrus_2.html
1401	Taylor–Proudman_theorem.html
1342	Protein_N-terminal_methyltransferase.html
1078	Merkle–Damgård_construction.html
709	1_+_2_+_3_+_4_+_⋯.html
1597	Distance_oracle.html
1450	Activating_function.html
403	Penman–Monteith_equation.html
325	Affine_logic.html
355	Template:2_k1_polytopes.html
887	Leibniz_integral_rule.html
916	Gyrator.html
769	Omega-amidase.html
1248	Single-index_model.html
1000	3-hydroxyphenylacetate_6-hydroxylase.html
510	Lehmer_number.html
345	Local_field.html
960	Myhill_isomorphism_theorem.html
105	Beta_helix.html
190	Thermal_copper_pillar_bump.html
971	Directed_acyclic_graph.html
1115	X.html
1879	Lifshitz_Theory_of_Van_der_Waals_Force.html
1958	Peptidyl-glutamate_4-carboxylase.html
536	Gingerbreadman_map.html
729	Real_projective_plane.html
526	Electron-longitudinal_acoustic_phonon_interaction.html
1648	Finite_topological_space.html
222	Hausdorff_completion.html
1682	Reeve_tetrahedron.html
1247	Dielectric_complex_reluctance.html
28	Sundial.html
263	No_free_lunch_in_search_and_optimization.html
1033	Melting-point_depression.html
1107	Elimination_rate_constant.html
159	3-dehydroquinate_dehydratase.html
365	Kadir–Brady_saliency_detector.html
1336	Pentagonal_number.html
749	Geometric_mean_theorem.html
841	Alpha_Cassiopeiae.html
546	Entropic_vector.html
1282	2_22_honeycomb.html
863	Al-Battani.html
281	Afshar_experiment.html
1951	Chiral_anomaly.html
1299	Q-Hahn_polynomials.html
1346	Supercritical_flow.html
498	DTDP-galactose_6-dehydrogenase.html
1592	O-phosphoseryl-tRNASec_kinase.html
1366	Jeep_problem.html
1063	Alanine—oxo-acid_transaminase.html
1382	Mass_noun.html
90	Bubble_chart.html
954	Spherical_wave_transformation.html
1751	Bernal_chart.html
38	Cellular_approximation_theorem.html
1145	Hartree–Fock_method.html
768	TSL_color_space.html
894	Morphological_gradient.html
672	Complex_conjugate.html
1673	Pheophorbidase.html
1075	Equilateral_polygon.html
1695	Real_line.html
1093	Glossary_of_elementary_quantum_mechanics.html
422	Error_vector_magnitude.html
801	Mass–energy_equivalence.html
1680	Gaussian_integral.html
1534	Social_cognitive_optimization.html
284	Conjunctive_query.html
1289	File:CMB_Wiener_filter_example,_wiener_filtered.png.html
1469	Papyrus_50.html
1649	Bioheat_transfer.html
113	Biconditional_introduction.html
851	Catenary_ring.html
843	Alpha_Phoenicis.html
1942	Template:Images_of_sheaves.html
623	UDP-N-acetylglucosamine_6-dehydrogenase.html
1928	Arrival_theorem.html
1699	Cyclic_code.html
211	Electrolytic_capacitor.html
1467	Simplicial_map.html
804	Caratheodory-π_solution.html
593	Dihedral_group_of_order_6.html
671	Template:Orbits.html
856	Phase_velocity.html
172	Ocean_heat_content.html
918	Neuman–Stubblebine_protocol.html
219	Alexander_Aitken.html
1700	Steinitz_exchange_lemma.html
882	Arrangement_of_lines.html
1952	Cross_slope.html
1927	Decision-theoretic_rough_sets.html
525	SQ-universal_group.html
176	Simson_line.html
1304	600-cell.html
58	Lorentz_force_velocimetry.html
1026	Field_trace.html
2	Tukey_lambda_distribution.html
369	Analytically_irreducible_ring.html
609	Order-embedding.html
1295	Nehari_manifold.html
1531	Brightness_temperature.html
1179	Upwind_scheme.html
987	Symmetric_mean_absolute_percentage_error.html
335	Weil_restriction.html
148	Fully_differential_amplifier.html
84	Moore_reduction_procedure.html
1122	Indolin-2-one_monooxygenase.html
1302	Al-Salam–Carlitz_polynomials.html
59	Singular_integral.html
1733	Caristi_fixed-point_theorem.html
197	Spin_label.html
1216	Lode_Coordinates.html
516	Birational_geometry.html
1331	Integro-differential_equation.html
462	Wind_chill.html
1950	Opisometer.html
734	Forward_rate.html
1965	Abstract_elementary_class.html
1496	Galactofuranosylgalactofuranosylrhamnosyl-N-acetylglucosaminyl-diphospho-decaprenol_beta-1,5::1,6-galactofuranosyltransferase.html
883	Resolution_inference.html
1520	Ordered_exponential.html
183	Characterizations_of_the_category_of_topological_spaces.html
1517	Interatomic_potential.html
733	Chebyshev_equation.html
834	Composition_algebra.html
480	Lecher_lines.html
1328	Atwater_system.html
1705	Quantum_thermodynamics.html
996	Fåhræus_effect.html
1395	N-slit_interferometric_equation.html
1770	Penrose–Hawking_singularity_theorems.html
245	Sabinene-hydrate_synthase.html
293	Pillai_prime.html
519	Multiple_inositol-polyphosphate_phosphatase.html
1165	New_Foundations.html
1528	Natural_density.html
39	Quasi-isometry.html
1846	Local_case-control_sampling.html
1025	Homotopy_extension_property.html
258	Classical_field_theory.html
1715	Four-tensor.html
193	Compressibility_factor.html
1394	Alternating_direction_implicit_method.html
187	Signal-to-quantization-noise_ratio.html
1573	Quality_control_and_genetic_algorithms.html
1364	3,4-dihydroxyphenylacetate_2,3-dioxygenase.html
993	Sphericity.html
1245	Balanced_polygamma_function.html
934	Gradian.html
962	Primitive_element_theorem.html
795	Propeller.html
850	Discrimination_testing.html
1264	Alternating_series.html
544	High-κ_dielectric.html
912	Fourier_integral_operator.html
1550	Concave_function.html
1153	Neopentalenolactone_D_synthase.html
310	Reduced_properties.html
974	Hoffman_graph.html
822	Planar_graph.html
656	6-aminohexanoate-cyclic-dimer_hydrolase.html
108	Forced_convection.html
897	Particle_accelerator.html
1235	Symplectic_spinor_bundle.html
839	Jefferson_disk.html
363	Quartic.html
1215	Folium_of_Descartes.html
146	Apsis.html
1283	Formaldehyde_dismutase.html
1567	Sequential_minimal_optimization.html
1495	Papyrus_46.html
492	Dot_product.html
649	2-deoxy-D-gluconate_3-dehydrogenase.html
1432	Hidden_transformation.html
1257	File:Cube_root_of_positive_X.png.html
250	List_of_nonlinear_partial_differential_equations.html
1778	Imaginary_curve.html
1041	2-hydroxyethylphosphonate_dioxygenase.html
1907	Taylor–Green_vortex.html
638	20alpha-hydroxysteroid_dehydrogenase.html
1014	Glutathione_amide-dependent_peroxidase.html
426	Semiring.html
1477	D-ribulokinase.html
57	Distributed_Bragg_reflector.html
751	Michel_parameters.html
1462	7_Arietis.html
1127	Tricubic_interpolation.html
1291	Near-infrared_window_in_biological_tissue.html
1461	GDP-mannose:cellobiosyl-diphosphopolyprenol_alpha-mannosyltransferase.html
1402	Commutative_algebra.html
207	Photon_Doppler_velocimetry.html
53	Analytic_geometry.html
543	Barnes–Hut_simulation.html
354	Residue-class-wise_affine_group.html
1074	Universe.html
1062	Powerful_number.html
1190	Gamma_Aquilae.html
1786	Abelian_integral.html
1653	Membrane_potential.html
1782	Common_base.html
489	Glycerol-1,2-cyclic-phosphate_2-phosphodiesterase.html
1995	Venoyl-CoA_hydratase_2.html
409	ScRGB.html
1341	Propagation_constant.html
141	True_shooting_percentage.html
719	Generalized_Appell_polynomials.html
228	Almost_commutative_ring.html
180	Cosmological_decade.html
1836	Particle-in-cell.html
1009	MEMO_Model.html
925	Ivar_Ekeland.html
1586	N-skeleton.html
372	Probable_error.html
1491	Method_of_Fluxions.html
1525	Bivariate_von_Mises_distribution.html
1183	Machin-like_formula.html
1234	Pseudo-differential_operator.html
696	HD_181433.html
1103	Time-bin_encoding.html
1633	Corticosteroid_side-chain-isomerase.html
396	Vesicle-fusing_ATPase.html
1144	Like_terms.html
1560	Type-1_OWA_operators.html
20	Matrix_function.html
1758	Alias_method.html
776	Continuous_reactor.html
117	Polarimeter.html
1021	Emissivity.html
1686	Non-linear_coherent_states.html
951	Proton-transfer-reaction_mass_spectrometry.html
461	Rabin_fingerprint.html
311	Lipophilic_efficiency.html
1755	Fusion_power.html
1457	Telescoping_Markov_chain.html
349	Kinetic_resolution.html
1775	Dyadic_rational.html
157	Hazard_analysis.html
1238	Spirograph.html
1811	Polder_tensor.html
1449	Chiliagon.html
1365	Overconstrained_mechanism.html
1690	Infinite_impulse_response.html
1976	List_of_interactive_geometry_software.html
359	Estimator.html
398	Universally_measurable_set.html
1481	Quaternionic_matrix.html
104	List_of_musical_symbols.html
1667	Module:Convert::sandbox.html
653	Row_equivalence.html
620	Moment_measure.html
1166	Williams–Landel–Ferry_equation.html
600	Pierre_Raymond_de_Montmort.html
1279	Linear_inequality.html
1030	Alternating_series_test.html
635	Non-negative_matrix_factorization.html
935	Snub_octahedron.html
583	Richardson_number.html
1150	Pearson_product-moment_correlation_coefficient.html
1240	Tame_abstract_elementary_class.html
98	Range_of_a_projectile.html
96	Cation–pi_interaction.html
1875	Reactive_programming.html
1678	Fumonisin_B1_esterase.html
1419	Biblical_manuscript.html
136	Primitive_data_type.html
1445	Max::min_CSP::Ones_classification_theorems.html
1999	Phenylserine_aldolase.html
1601	Ribulokinase.html
930	Procedural_parameter.html
1202	Gosset–Elte_figures.html
1268	Hierarchical_closeness.html
997	3-hydroxybenzoate_2-monooxygenase.html
1725	Moment-area_theorem.html
6	Van_der_Waals_force.html
1037	Anthraniloyl-CoA_monooxygenase.html
1856	Kabsch_algorithm.html
388	Euler_characteristic.html
698	Kamioka_Liquid_Scintillator_Antineutrino_Detector.html
1935	Multivariate_Behrens–Fisher_problem.html
914	Smearing_retransformation.html
1988	Initial_topology.html
1740	Hesperidin_6-O-alpha-L-rhamnosyl-beta-D-glucosidase.html
858	Phonological_opacity.html
224	Ishimori_equation.html
823	Adaptive_comparative_judgement.html
155	Solid_torus.html
634	Mittag-Leffler_summation.html
18	Electron_scattering.html
1048	Solubility_pump.html
1355	Template:SI_base_quantities.html
1139	SHA-2.html
208	Regenerative_circuit.html
1788	Free_androgen_index.html
668	Butcher_group.html
1598	Parametric_programming.html
1666	Exponential_sheaf_sequence.html
1624	Papyrus_114.html
36	Scaled_correlation.html
1453	Glucuronosyl-N-acetylglucosaminyl-proteoglycan_4-alpha-N-acetylglucosaminyltransferase.html
1173	George_Boole.html
774	Teiresias_algorithm.html
1162	Random_matrix.html
1368	Heilbronn_triangle_problem.html
844	Alpha_Leporis.html
1428	Self-focusing_transducers.html
1214	Glycolate_dehydrogenase.html
1408	2-C-methyl-D-erythritol_4-phosphate_cytidylyltransferase.html
289	Pairing_heap.html
1314	Portal:Infrastructure::Economic_analysis.html
650	Hurwitz_quaternion.html
558	Lubell–Yamamoto–Meshalkin_inequality.html
771	NEWUOA.html
1854	Adjoint_representation.html
985	Dirac_algebra.html
1464	Injective_function.html
685	Debye_function.html
1456	Iterated_logarithm.html
808	Trilinear_coordinates.html
82	Glutamate—putrescine_ligase.html
1606	Steerable_filter.html
454	Succinate-semialdehyde_dehydrogenase.html
291	Relative_volatility.html
1871	Circuit_satisfiability_problem.html
158	Deal–Grove_model.html
482	Runcicantitruncated_tesseractic_honeycomb.html
230	Retardation_factor.html
755	Minnaert_function.html
1585	Structural_complexity_theory.html
1089	Glutamine—pyruvate_transaminase.html
705	Mathematical_constants_and_functions.html
1814	HGSNAT.html
1559	Vector_addition_system.html
1441	Milü.html
735	Doubly_special_relativity.html
1448	Harmonic_balance.html
494	Extended_theories_of_gravity.html
1708	Contrast_set_learning.html
906	Asian_option.html
127	Isoparametric_manifold.html
270	Dimensional_analysis.html
1217	Strong_monad.html
1072	37_Geminorum.html
509	Automatic_differentiation.html
150	Curve.html
1756	Clifford_theory.html
1108	Luigi_Amerio.html
1616	T2-induced_deoxynucleotide_kinase.html
178	Local_World_Evolving_Network_Models.html
716	Lossless_JPEG.html
406	Gauss–Kuzmin–Wirsing_operator.html
225	Wavelet_transform.html
809	Womersley_number.html
114	Cauchy_index.html
1544	CSS_code.html
607	Lai-Massey_scheme.html
1038	Rossby_number.html
905	Kahn_process_networks.html
846	Trans-aconitate_2-methyltransferase.html
648	Streamer_discharge.html
1142	Sample_complexity.html
361	Homogeneous_space.html
1427	B-1,3-galactosyl-O-glycosyl-glycoprotein_b-1,6-N-acetylglucosaminyltransferase.html
697	Dislocation.html
253	Rasch_model.html
1521	Locating_the_center_of_mass.html
913	Hydrophilic-lipophilic_balance.html
537	Wallpaper_group.html
407	Firehose_instability.html
683	Abc_conjecture.html
1728	Internal_pressure.html
923	Standardized_Kt::V.html
922	Computability.html
964	Phosphatidylcholine—dolichol_O-acyltransferase.html
1892	Anderson_orthogonality_theorem.html
816	Rylands_Library_Papyrus_P52.html
496	Glycerophosphoinositol_inositolphosphodiesterase.html
1857	Draft:Template:convert::kps::Mly::doc.html
1631	Simplicity_theory.html
1098	Invertible_matrix.html
610	Microscopic_traffic_flow_model.html
326	Adiabatic_quantum_computation.html
1820	Number_sign.html
674	Hilbert_symbol.html
773	Pregaussian_class.html
611	Representation_rigid_group.html
952	Cylindric_numbering.html
555	Sinapine_esterase.html
676	3-keto-steroid_reductase.html
34	Disjunctive_normal_form.html
908	Fat_object.html
1896	Real_point.html
1261	Timeline_of_mathematics.html
237	Correlated_equilibrium.html
366	Glycosylphosphatidylinositol_phospholipase_D.html
1582	Horizon.html
931	Coordinate_vector.html
1463	Consistency_criterion.html
1367	Systemic_risk.html
56	Theoretical_computer_science.html
927	Optical_medium.html
910	Rhombicuboctahedron.html
465	Source_field.html
1185	1,3-beta-galactosyl-N-acetylhexosamine_phosphorylase.html
560	List_of_refractive_indices.html
434	Computron_tube.html
1557	Papyrus_89.html
763	Satellite_modem.html
418	Brezis–Gallouet_inequality.html
904	1766_in_science.html
1574	Elementary_divisors.html
1210	Optical_rotation.html
1684	Oxaloacetate_tautomerase.html
1603	4-deoxy-L-threo-5-hexosulose-uronate_ketol-isomerase.html
342	TOPSIS.html
1483	Pfaffian.html
970	Course-of-values_recursion.html
944	Gauss_sum.html
533	Icosidodecahedron.html
62	Acceleration.html
7	Arrhenius_plot.html
1180	Analytic_signal.html
881	Rational_choice_theory.html
828	Collectively_exhaustive_events.html
597	Linear_density.html
1944	Black–Derman–Toy_model.html
553	Inositol_2-dehydrogenase.html
928	Riesz_transform.html
1834	Itemized_deduction.html
1750	Indefinite_orthogonal_group.html
568	L-iditol_2-dehydrogenase.html
541	Smn_theorem.html
499	Western_text-type.html
435	Acyloxyacyl_hydrolase.html
88	Differential_amplifier.html
1182	Ground_state.html
54	Hereditary_ring.html
590	Complex_conjugate_vector_space.html
83	BCK_algebra.html
1513	Underground_nuclear_weapons_testing.html
493	Viscoplasticity.html
1443	Stokes_approximation_and_artificial_time.html
1654	Graph_dynamical_system.html
875	Template:Mvar::doc.html
1643	Draft:Contributions_on_developping_measuring_tools_on_surfaces.html
694	Surprisal_analysis.html
1161	Similarities_between_Wiener_and_LMS.html
1926	Spectral_shape_analysis.html
1325	Langlands_decomposition.html
200	Pierce–Birkhoff_conjecture.html
1044	Photoconductive_atomic_force_microscopy.html
1777	Linear_subspace.html
1784	Penning_trap.html
1866	Eilenberg–Steenrod_axioms.html
1468	Montel_space.html
64	Drawing_straws.html
977	Isopenicillin_N_synthase.html
1447	Glucuronosyl-N-acetylgalactosaminyl-proteoglycan_4-b-N-acetylgalactosaminyltransferase.html
452	Doppler_broadening.html
1651	Corazon_Aquino.html
1955	Root-raised-cosine_filter.html
464	Successor_cardinal.html
1979	Indole-3-glycerol-phosphate_synthase.html
1028	Herbert_Scarf.html
762	Poisson_point_process.html
1203	Worm-like_chain.html
45	Social_Choice_and_Individual_Values.html
1186	Mermin–Wagner_theorem.html
1345	Similarity_matrix.html
1902	Camera_matrix.html
1061	Draft:Continuous_Proportion.html
378	Enrico_Bombieri.html
478	Runcinated_tesseractic_honeycomb.html
958	Moduli_stack_of_formal_group_laws.html
1547	Proline_dehydrogenase.html
1642	Solar_core.html
126	Diversity_gain.html
1596	Antenna_gain.html
984	J-invariant.html
1227	Quadratic_programming.html
1899	F-coalgebra.html
1188	High-dimensional_statistics.html
1595	Berendsen_thermostat.html
1170	Synaptic_augmentation.html
837	Acetyl-CoA_C-acetyltransferase.html
1975	Rank_error-correcting_code.html
1209	Futurama.html
1579	4-aminobutyrate—pyruvate_transaminase.html
825	Classical_electromagnetism.html
1474	Klein_geometry.html
1936	Cherry_blossom_front.html
1880	Dini_continuity.html
1034	Dimensionless_physical_constant.html
687	Completely_randomized_design.html
1625	Polyadic_space.html
329	Liberal_paradox.html
1812	Dependent_type.html
1262	Scramjet.html
277	Avoided_crossing.html
1779	Laughlin_wavefunction.html
389	Factored_language_model.html
1019	Implied_repo_rate.html
1691	Deriche_edge_detector.html
628	Web_interoperability.html
1181	Janko_group_J2.html
826	2-ethylmalate_synthase.html
1791	Decoding_methods.html
1898	Cusp_form.html
1488	Constraint_inference.html
130	DSPACE.html
815	Proton_decay.html
1835	Change-making_problem.html
1312	Stochastic_programming.html
639	N_=_2_superconformal_algebra.html
598	Nicolas_Bourbaki.html
1818	Venturi_effect.html
505	Construction_of_a_complex_null_tetrad.html
1157	Savonius_wind_turbine.html
1292	Topological_derivative.html
71	2–3_tree.html
1281	Double-sideband_suppressed-carrier_transmission.html
41	Aerobactin_synthase.html
1848	Gorn_address.html
898	Runcinated_5-orthoplexes.html
1321	Integer_points_in_convex_polyhedra.html
1500	Hadamard_code.html
269	Laplace_transform_applied_to_differential_equations.html
936	Weierstrass_function.html
1494	Atom-transfer_radical-polymerization.html
428	Confusion_of_the_inverse.html
570	Long-chain-alcohol_dehydrogenase.html
1884	Reiss_relation.html
280	Symmetric_set.html
40	Kaplan–Yorke_map.html
1893	Fox_H-function.html
1327	Compression_theorem.html
1842	Differential_optical_absorption_spectroscopy.html
1446	Skin_friction_drag.html
1307	Quadrature_mirror_filter.html
1363	Theory_of_planned_behavior.html
285	Digital_signal_processing.html
1335	Phase_noise.html
723	Transition_rate_matrix.html
1362	Sersic_profile.html
1158	Computers_and_Intractability.html
1388	Structural_cut-off.html
1486	Covering_problems.html
50	Sea_state.html
1874	Independence-friendly_logic.html
586	Steriruncicantic_tesseractic_honeycomb.html
303	Grain_boundary_strengthening.html
27	Monge_equation.html
847	Alcohol_O-acetyltransferase.html
893	6-hydroxynicotinate_reductase.html
966	Zeatin_reductase.html
402	1-alkyl-2-acetylglycerophosphocholine_esterase.html
1937	Arbitrarily_varying_channel.html
304	Milne-Thomson_circle_theorem.html
630	Template:Quantum_Variables.html
1810	Hurewicz_theorem.html
1055	Cerf_theory.html
400	Bi-twin_chain.html
853	Ultimate_fate_of_the_universe.html
381	Linearity_of_differentiation.html
711	Weyr_canonical_form.html
1391	Septic_equation.html
1692	Wireless_power.html
955	Eutactic_star.html
415	Davidson_correction.html
79	Entropy_production.html
968	Max-plus_algebra.html
721	Refinement_monoid.html
1311	Spin-flip.html
1658	Seismic_source.html
1056	Deacetoxycephalosporin-C_synthase.html
1126	Force_of_infection.html
1200	Semantic_security.html
1356	Single-mode_optical_fiber.html
756	Maximal_compact_subgroup.html
1645	Gross_substitutes.html
540	Hexadecanol_dehydrogenase.html
941	Contorsion_tensor.html
1444	Intel_8255.html
340	Conservation_of_mass.html
360	Antiunitary_operator.html
223	Finite_volume_method.html
23	Specific_force.html
1225	Orbit_method.html
198	Image_moment.html
722	Carnot_cycle.html
614	Trigonometric_number.html
772	Residuated_mapping.html
1077	René-François_de_Sluse.html
112	Symmetric_algebra.html
1829	Affine_group.html
1968	Diphosphomevalonate_decarboxylase.html
1315	Round_function.html
1677	Glass_batch_calculation.html
1858	Discrete_cosine_transform.html
80	Schwarz_triangle.html
1136	Color_histogram.html
1840	Galactosylceramide_sulfotransferase.html
151	Chronaxie.html
1657	Fredholm_operator.html
657	3alpha-hydroxycholanate_dehydrogenase.html
297	Negative_pedal_curve.html
1801	Proofs_of_quadratic_reciprocity.html
535	Phosphoenolpyruvate_phosphatase.html
1581	Linear_energy_transfer.html
1685	Karen_Vogtmann.html
1644	Non-well-founded_set_theory.html
1889	Rhombic_dodecahedron.html
1226	Hurwitz_quaternion_order.html
1931	CMA-ES.html
901	Variometer.html
240	Circular_convolution.html
1492	Ion-mobility_spectrometry.html
566	Compact_group.html
1379	Four-frequency.html
66	Bicycle_gearing.html
1839	Tait_equation.html
330	Alexander–Spanier_cohomology.html
587	Linear_regression.html
1763	Bousfield_class.html
1864	Extendible_hashing.html
652	4-acetamidobutyryl-CoA_deacetylase.html
419	Event_partitioning.html
1815	Market_capitalization.html
915	Feed-Drum.html
1804	Common-mode_signal.html
621	Compressibility_equation.html
483	Second-order_co-occurrence_pointwise_mutual_information.html
1324	Vanillin_dehydrogenase.html
1301	Mixing_ratio.html
1939	Belief_revision.html
754	Kummer–Vandiver_conjecture.html
1632	Equatorial_waves.html
888	Diacylglycerol—sterol_O-acyltransferase.html
865	Cavity_perturbation_theory.html
1045	Circular_surface.html
803	Henryk_Grossman.html
1580	Phosphoribulokinase.html
1768	Ternary_Golay_code.html
103	Undulator.html
1861	Elliptical_distribution.html
1015	Enceladus.html
710	Numerical_analysis.html
636	Small-world_network.html
1709	Gouy_balance.html
3	Elongated_pentagonal_orthocupolarotunda.html
819	2-Deoxy-scyllo-inosamine_dehydrogenase.html
323	Medical_ultrasound.html
647	Flyby_anomaly.html
1413	Monopole_antenna.html
613	Shape.html
1783	Atmospheric_lidar.html
1986	Initial_value_theorem.html
1568	Schur–Horn_theorem.html
184	Antimatroid.html
313	Uniform_5-polytope.html
1452	CDP-glycerol_glycerophosphotransferase.html
743	Color_charge.html
1052	2,5-diaminovalerate_transaminase.html
790	Succinylglutamate_desuccinylase.html
1605	Congruence-permutable_algebra.html
1499	Implied_volatility.html
1742	D-cysteine_desulfhydrase.html
235	Elementary_class.html
589	Work_sampling.html
1838	Relativistic_heat_conduction.html
1348	KMS_state.html
618	Lambert_cylindrical_equal-area_projection.html
1529	Papyrus_71.html
1054	Cyclopentanone_monooxygenase.html
22	Approximation_error.html
507	Rami_Grossberg.html
624	Annular_velocity.html
1867	Kähler_differential.html
1941	Yarowsky_algorithm.html
1830	Thermal_conductivity.html
681	Phred_quality_score.html
1381	Q-Bessel_polynomials.html
320	Transformation_matrix.html
1218	Kampyle_of_Eudoxus.html
1375	Large_countable_ordinal.html
107	Fractal_dimension_on_networks.html
588	Spherical_segment.html
195	Jacobi_symbol.html
1847	Pocket_Cube.html
48	Associative_algebra.html
753	Reaction_engine.html
210	Poincaré_complex.html
471	Proj_construction.html
357	Rydberg_matter.html
305	Seiberg–Witten_invariant.html
556	Octic_reciprocity.html
1623	Identity_channel.html
1661	Percolation_threshold.html
1509	Lipid_IVA_3-deoxy-D-manno-octulosonic_acid_transferase.html
1785	Randomized_rounding.html
986	Elliptic_cohomology.html
472	Heritability.html
552	Geopotential_height.html
1498	Z-spread.html
12	Siegel–Walfisz_theorem.html
909	Wahlquist_fluid.html
1689	Graphene_applications_as_optical_lenses.html
626	NK_model.html
1711	1959–60_Beşiktaş_J.K._season.html
1947	Chief_series.html
633	Median.html
1535	Cross-flow_filtration.html
1807	Differential_phase.html
459	Inverse_trigonometric_functions.html
358	Deontic_logic.html
413	Contour_boxplot.html
891	Monopulse_radar.html
486	Stewart–Walker_lemma.html
1088	Newton_polynomial.html
1720	Molar_attenuation_coefficient.html
441	Alkylglycerophosphoethanolamine_phosphodiesterase.html
328	Disc_permeameter.html
1310	Rule_184.html
545	English_numerals.html
466	Treaties_of_Velasco.html
144	Dym_equation.html
1578	Nitrogen-13.html
25	Levopimaradiene_synthase.html
1621	P-value.html
1352	Mars_Oxygen_ISRU_Experiment.html
911	Fractional-order_integrator.html
1641	Von_Mises_yield_criterion.html
1504	Laver_table.html
699	Bing_metrization_theorem.html
1698	Protein-serine_epimerase.html
1416	Peters_polynomials.html
564	Cross-entropy_method.html
1323	Noise_figure.html
299	Clique-width.html
1163	Wind_shear.html
467	MODFLOW.html
1267	Leadscrew.html
608	StarTram.html
134	Lemniscate.html
1604	UDP-N-acetylglucosamine_kinase.html
1563	Phosphatidate_cytidylyltransferase.html
972	Polysialic-acid_O-acetyltransferase.html
731	Euler_angles.html
1748	Dimethylpropiothetin_dethiomethylase.html
1320	Circle_of_fifths.html
878	Categorical_distribution.html
1338	2,4,7-trihydroxy-1,4-benzoxazin-3-one-glucoside_7-O-methyltransferase.html
24	Advanced_Encryption_Standard.html
917	Trajectory.html
1536	Tabulation_hashing.html
282	Cantor_space.html
1424	Twists_of_curves.html
782	Resistance_force.html
1008	Brus_equation.html
264	Spheroidal_wave_equation.html
765	Regression_analysis.html
1303	Kolmogorov–Zurbenko_filter.html
1903	Umov_effect.html
1111	Serine—glyoxylate_transaminase.html
1231	MurmurHash.html
1774	Oersted.html
374	Gravity_model_of_trade.html
1079	Bernoulli_stochastics.html
69	Ensemble_averaging.html
1277	Singular_point_of_an_algebraic_variety.html
584	Mannuronate_reductase.html
938	Template:Regular_and_Quasiregular_honeycombs.html
266	Benjamin–Bona–Mahony_equation.html
1286	Rhombic_enneacontahedron.html
1184	Edge-of-the-wedge_theorem.html
490	Residue_at_infinity.html
659	Nuclear_weapon_design.html
233	Phaseollidin_hydratase.html
316	Turning_point_test.html
1681	Class_number_formula.html
1816	Sirohydrochlorin_ferrochelatase.html
364	Histone-arginine_N-methyltransferase.html
97	Isocitrate_dehydrogenase.html
1024	Security_market_line.html
1057	Reserve_requirement.html
1949	Bunyakovsky_conjecture.html
1270	Endergonic.html
1129	Topographic_Wetness_Index.html
173	Color.html
115	Gain–bandwidth_product.html
1497	Duality_gap.html
405	Backpropagation.html
162	Superhedging_price.html
1845	Brown–Forsythe_test.html
145	Therapeutic_index.html
1085	Vector_space.html
1920	Bipartite_double_cover.html
1789	Tower_of_Hanoi.html
1746	Bacterial_adhesion_in_aquatic_system.html
1036	Virtual_Router_Redundancy_Protocol.html
1337	Gottlieb_polynomials.html
1628	Rheonomous.html
1967	Frequency_domain_decomposition.html
1773	Britney_Gallivan.html
1326	Cooling_capacity.html
1611	Kodaira_vanishing_theorem.html
518	Seifert–van_Kampen_theorem.html
1946	Ganea_conjecture.html
929	Solar_System.html
1615	HOL_Light.html
1403	Slowed_rotor.html
33	Avalanche.html
836	Water_hammer.html
1802	1963–64_Beşiktaş_J.K._season.html
706	Solid_partition.html
988	Farnesylcysteine_lyase.html
1392	Factorial_moment_generating_function.html
1174	Reynolds_equation.html
1220	Uniform_absolute-convergence.html
1741	Protein_O-GlcNAcase.html
524	Absolute_neutrophil_count.html
840	Illustration_of_the_central_limit_theorem.html
1053	Petite_size.html
475	Dolichylphosphate-glucose_phosphodiesterase.html
1204	Wheat_and_chessboard_problem.html
781	Protein-glutamine_glutaminase.html
641	Doctor_sweetening_process.html
1390	Barcan_formula.html
1293	Indentation_hardness.html
1271	Levi_decomposition.html
1620	Logic_learning_machine.html
100	Clausius–Duhem_inequality.html
196	Function_of_a_real_variable.html
101	Petzval_field_curvature.html
1040	Quasiperiodic_function.html
791	Mark_and_recapture.html
1284	Outside_air_temperature.html
479	Packing_in_a_hypergraph.html
13	Stopping_time.html
1058	Thebaine_6-O-demethylase.html
1417	Dynamic_factor.html
548	Weighted_matroid.html
1102	GDP_deflator.html
513	Lagrange_multiplier.html
1656	Metal-induced_gap_states.html
529	International_Standard_Book_Number.html
21	Saddle-node_bifurcation.html
1957	Biotin-dependent_malonate_decarboxylase.html
391	Thymidine-triphosphatase.html
1933	Private_information_retrieval.html
1195	6G-fructosyltransferase.html
921	Irving_Stringham.html
149	Large_margin_nearest_neighbor.html
1475	Multiply-with-carry.html
979	Aristotelian_physics.html
1877	Dilated_cardiomyopathy.html
191	Glutamate_2,3-aminomutase.html
1175	Inverse-gamma_distribution.html
1872	Leigh_Mercer.html
1613	Sulfur_tetrachloride.html
322	Landau–Zener_formula.html
864	Trigonometry_in_Galois_fields.html
49	Aspartate—ammonia_ligase.html
1790	Configuration_entropy.html
1688	OptiSLang.html
596	Sieving_coefficient.html
