3,0,./13_(number).html
1,0,./1995.html
19,0,./1_(number).html
0,0,./253_Mathilde.html
21,0,./2_(number).html
24,0,./2D_computer_graphics.html
41,0,./3-sphere.html
5,0,./61_Cygni.html
3,0,./A-law_algorithm.html
3,0,./Abbe_number.html
126,0,./Abductive_reasoning.html
11,0,./Abelian_category.html
9,0,./Abelian_group.html
54,0,./Aberration_of_light.html
2,0,./Abraham_de_Moivre.html
1,0,./Abscissa.html
55,0,./Absolute_convergence.html
59,0,./Absolute_magnitude.html
145,0,./Absolute_value.html
2,0,./Absolute_zero.html
23,0,./Accelerating_universe.html
36,0,./Acceleration.html
6,0,./Accuracy_and_precision.html
1,0,./Acetylene.html
5,0,./Acid.html
20,0,./Acid_dissociation_constant.html
33,0,./Ackermann_function.html
102,0,./Acoustic_theory.html
29,0,./Actinide.html
8,0,./Actinium.html
4,0,./Activation_energy.html
46,0,./Active_laser_medium.html
8,0,./Adaptive_expectations.html
74,0,./Adder–subtractor.html
28,0,./Addition.html
51,0,./Additive_category.html
45,0,./Additive_synthesis.html
3,0,./Adenosine_triphosphate.html
87,0,./Adiabatic_process.html
134,0,./Adjoint_functors.html
4,0,./Advanced_Encryption_Standard.html
46,0,./Aerosol.html
61,0,./Affine_transformation.html
1,0,./Affirming_the_consequent.html
12,0,./AI-complete.html
9,0,./Albedo.html
16,0,./Alcubierre_drive.html
46,0,./Alexandroff_extension.html
13,0,./Algebraic_closure.html
1,0,./Algebraic_extension.html
19,0,./Algebraic_geometry.html
35,0,./Algebraic_number.html
2,0,./Algebraically_closed_field.html
105,0,./Algorithms_for_calculating_variance.html
1,0,./Alkyne.html
104,0,./Allan_variance.html
5,0,./Allele.html
1,0,./Almost_all.html
4,0,./Almost_everywhere.html
1,0,./Alpha_Centauri.html
40,0,./Alpha_compositing.html
2,0,./Alpha_decay.html
9,0,./Alpha_helix.html
34,0,./Alternating_current.html
39,0,./Alternating_group.html
27,0,./Alternative_algebra.html
1,0,./Altimeter.html
56,0,./Ambiguity.html
29,0,./Amdahl's_law.html
22,0,./Americium.html
7,0,./Amicable_numbers.html
1,0,./Amide.html
2,0,./Ampere.html
5,0,./Amplitude.html
11,0,./Amplitude_modulation.html
8,0,./Analog-to-digital_converter.html
6,0,./Analogy_of_the_Divided_Line.html
28,0,./Analysis_of_algorithms.html
21,0,./Analysis_of_variance.html
5,0,./Analytic_function.html
139,0,./Analytic_geometry.html
7,0,./Analytical_chemistry.html
1,0,./Ancient_Greek_architecture.html
1,0,./Andrey_Markov.html
49,0,./Angle.html
14,0,./Angular_acceleration.html
10,0,./Angular_displacement.html
169,0,./Angular_momentum.html
104,0,./Angular_velocity.html
5,0,./Anisotropy.html
0,0,./Antares.html
50,0,./Antenna_gain.html
4,0,./Antenna_noise_temperature.html
1,0,./Anthropic_principle.html
3,0,./Anti-realism.html
22,0,./Antiderivative.html
28,0,./Antimatter_rocket.html
12,0,./Antiparticle.html
4,0,./Antiprism.html
3,0,./Antisymmetric_relation.html
1,0,./Aperture.html
2,0,./APL_(programming_language).html
1,0,./Apollos.html
21,0,./Apparent_magnitude.html
1,0,./Aqua_regia.html
21,0,./Arago_spot.html
3,0,./Arbitrage.html
2,0,./Archimedean_spiral.html
30,0,./Archimedes.html
140,0,./Area.html
15,0,./Arithmetic_coding.html
113,0,./Arithmetic_function.html
27,0,./Arithmetic_mean.html
46,0,./Arithmetic–geometric_mean.html
2,0,./Arity.html
1,0,./Array_data_structure.html
27,0,./Arrhenius_equation.html
65,0,./Artificial_neural_network.html
3,0,./Ascending_chain_condition.html
1,0,./Ascorbic_acid.html
29,0,./Associative_algebra.html
33,0,./Associative_property.html
3,0,./Asterisk.html
1,0,./Astrobiology.html
5,0,./Astronomical_unit.html
59,0,./Asymptote.html
6,0,./Atbash.html
19,0,./Atlas_(topology).html
4,0,./Atle_Selberg.html
1,0,./Atmospheric_pressure.html
9,0,./Atom_probe.html
5,0,./Atomic,_molecular,_and_optical_physics.html
2,0,./Atomic_mass_unit.html
175,0,./Atomic_orbital.html
4,0,./Attenuation.html
30,0,./Auger_electron_spectroscopy.html
6,0,./Augustin-Louis_Cauchy.html
13,0,./Australian_Broadcasting_Corporation.html
72,0,./Autocorrelation.html
2,0,./Automorphism.html
9,0,./Availability.html
15,0,./Average.html
20,0,./AVL_tree.html
44,0,./Avogadro_constant.html
66,0,./Axiom.html
7,0,./Axiom_of_choice.html
1,0,./Axiom_of_empty_set.html
15,0,./Axiom_of_extensionality.html
8,0,./Axiom_of_pairing.html
18,0,./Axiom_of_power_set.html
9,0,./Axiom_of_regularity.html
7,0,./Axiom_of_union.html
6,0,./Axiom_schema_of_replacement.html
6,0,./Axiom_schema_of_specification.html
16,0,./Azimuth.html
38,46,./B-spline.html
27,0,./B-tree.html
38,0,./Baire_category_theorem.html
8,0,./Balanced_line.html
1,0,./Baltimore_Ravens.html
38,46,./B-spline.html
27,0,./B-tree.html
38,0,./Baire_category_theorem.html
8,0,./Balanced_line.html
1,0,./Baltimore_Ravens.html
1,0,./Barnard's_Star.html
1,0,./Barrage_jamming.html
60,0,./Baryon.html
19,0,./Base_(topology).html
8,0,./Baseband.html
1,0,./Barnard's_Star.html
1,0,./Barrage_jamming.html
60,0,./Baryon.html
19,0,./Base_(topology).html
8,0,./Baseband.html
114,0,./Bayesian_inference.html
329,0,./BCH_code.html
3,0,./BCS_theory.html
19,0,./Beam_diameter.html
8,0,./Beam_divergence.html
1,0,./Beef.html
29,0,./Beer–Lambert_law.html
63,0,./Bell's_theorem.html
10,0,./Benford's_law.html
15,0,./Berkelium.html
12,0,./Bernhard_Riemann.html
28,0,./Bernoulli's_inequality.html
38,0,./Bernoulli's_principle.html
131,0,./Bernoulli_number.html
116,0,./Bessel_function.html
73,0,./Beta_decay.html
11,0,./Beta_sheet.html
3,0,./Betelgeuse.html
40,0,./Bézier_curve.html
10,0,./Bézout's_identity.html
18,0,./Biconditional_elimination.html
15,0,./Biconditional_introduction.html
1,0,./Big_Bang_nucleosynthesis.html
213,0,./Big_O_notation.html
6,0,./Bijection.html
70,0,./Bilinear_transform.html
7,0,./Binary_function.html
43,0,./Binary_heap.html
1,0,./Binary_operation.html
17,0,./Binary_relation.html
15,0,./Binary_search_algorithm.html
3,0,./Binary_search_tree.html
1,0,./Binary_star.html
31,0,./Binary_tree.html
219,0,./Binomial_coefficient.html
53,0,./Binomial_distribution.html
90,0,./Binomial_theorem.html
8,0,./Bioleaching.html
4,0,./Biorhythm.html
68,0,./Bipolar_junction_transistor.html
2,0,./Bipyramid.html
12,0,./Bistability.html
0,0,./Bit.html
21,0,./Bit_error_rate.html
2,0,./Black_body.html
3,0,./Black_hole.html
31,0,./Blackboard_bold.html
1,0,./Blaise_Pascal.html
45,0,./Block_cipher.html
3,0,./Blood_alcohol_content.html
5,0,./Blood_pressure.html
2,0,./Bluff_(poker).html
16,0,./Blum_Blum_Shub.html
1,0,./Body_mass_index.html
39,0,./Bohr_model.html
10,0,./Boiling_point.html
13,0,./Boltzmann_constant.html
11,0,./Boltzmann_distribution.html
3,0,./Bolzano–Weierstrass_theorem.html
1,0,./Boolean_satisfiability_problem.html
15,0,./Borel_measure.html
24,0,./Borel_set.html
67,0,./Borel–Cantelli_lemma.html
97,0,./Born–Oppenheimer_approximation.html
77,0,./Borsuk–Ulam_theorem.html
66,0,./Bose–Einstein_condensate.html
26,0,./Box–Muller_transform.html
20,0,./Boy's_surface.html
5,0,./Boyle's_law.html
3,0,./BPP_(complexity).html
5,0,./BQP.html
25,0,./Bracket.html
1,0,./Brake.html
194,186,./Bra–ket_notation.html
98,0,./Bremsstrahlung.html
48,0,./Bresenham's_line_algorithm.html
5,0,./Brewster's_angle.html
1,0,./Brightness.html
29,0,./Brightness_temperature.html
69,0,./Brouwer_fixed-point_theorem.html
3,0,./Brown_dwarf.html
42,0,./Brownian_motion.html
14,0,./Bucket_argument.html
34,0,./Buckingham_π_theorem.html
8,0,./Buffer_solution.html
20,0,./Burali-Forti_paradox.html
12,0,./Busy_beaver.html
14,0,./Butterfly_effect.html
2,0,./Bzip2.html
14,0,./C*-algebra.html
0,0,./Cadenza.html
3,0,./Caesar_cipher.html
8,0,./Calcium_carbonate.html
99,0,./Calculus.html
0,0,./Callisto_(moon).html
8,0,./Calorimeter.html
156,0,./Calorimetry.html
10,0,./Cam.html
6,0,./Candela.html
34,0,./Cantor_set.html
4,0,./Capillary.html
0,0,./Capitalism.html
3,0,./Capsid.html
3,0,./Carbon_dioxide.html
3,0,./Carbon_nanotube.html
12,0,./Carbonic_acid.html
24,0,./Cardinal_number.html
28,0,./Cardinality.html
1,0,./Carl_Friedrich_Gauss.html
90,0,./Carmichael_number.html
36,0,./Carnot_heat_engine.html
1,0,./Carrier-to-receiver_noise_density.html
4,0,./Carson_bandwidth_rule.html
39,0,./Cartesian_coordinate_system.html
39,0,./Casimir_effect.html
27,0,./Casorati–Weierstrass_theorem.html
1,0,./Casting_(metalworking).html
2,0,./Catalan's_conjecture.html
20,0,./Catalan's_constant.html
1,0,./Category_of_sets.html
69,0,./Catenary.html
35,0,./Cauchy's_integral_theorem.html
69,0,./Cauchy_distribution.html
98,0,./Cauchy_sequence.html
74,0,./Cauchy–Riemann_equations.html
63,0,./Cauchy–Schwarz_inequality.html
38,0,./Causality.html
69,0,./Celestial_coordinate_system.html
24,0,./Center_(group_theory).html
76,0,./Centimetre–gram–second_system_of_units.html
48,0,./Central_limit_theorem.html
15,0,./Central_moment.html
6,0,./Central_tendency.html
96,1227,./Centripetal_force.html
4,0,./Cepstrum.html
82,0,./Chain_rule.html
12,0,./Chaitin's_constant.html
13,0,./Chandrasekhar_limit.html
1,0,./Channel_reliability.html
18,0,./Chaos_theory.html
13,0,./Characteristic_impedance.html
8,0,./Characteristic_subgroup.html
3,0,./Charge-coupled_device.html
0,0,./Charles_Proteus_Steinmetz.html
3,0,./Charles_Sanders_Peirce.html
3,0,./Chemical_affinity.html
77,0,./Chemical_equilibrium.html
24,0,./Chemical_reaction.html
14,0,./Chemical_thermodynamics.html
4,0,./Chemisorption.html
3,0,./Chemistry.html
9,0,./Chemotaxis.html
179,0,./Chinese_remainder_theorem.html
35,0,./Chirp.html
107,16859,./Chomsky_hierarchy.html
15,0,./Chomsky_normal_form.html
6,0,./Chord_(aeronautics).html
3,0,./Christiaan_Huygens.html
2,0,./Chromatic_aberration.html
2,0,./Chromium.html
1,0,./Cigarette.html
39,0,./Circle.html
1,0,./Circuit_reliability.html
36,0,./Circular_polarization.html
1,0,./Circulator.html
8,0,./Circumference.html
6,0,./Cistron.html
1,0,./Citroën.html
6,0,./City.html
14,0,./Class_(set_theory).html
8,0,./Classical_guitar.html
1,0,./Classical_Kuiper_belt_object.html
4,0,./Clathrate_hydrate.html
81,0,./Clifford_algebra.html
6,0,./Climate_model.html
7,0,./Closed-loop_transfer_function.html
30,0,./Closure_(topology).html
3,0,./CMOS.html
4,0,./Co-NP.html
2,0,./Coast.html
26,0,./Coaxial_cable.html
7,0,./Code.html
2,0,./Code_coverage.html
14,0,./Code_division_multiple_access.html
2,0,./Codex_Sinaiticus.html
74,0,./Codomain.html
17,0,./Coefficient.html
14,0,./Cofinality.html
12,0,./Coherence_length.html
1,0,./Coherence_time.html
47,0,./Collatz_conjecture.html
3,0,./Collision.html
12,0,./Colon_(punctuation).html
0,0,./Color.html
22,0,./Color_temperature.html
15,0,./Colossus_computer.html
3,0,./Column.html
66,0,./Combination.html
4,0,./Combinatorial_chemistry.html
15,0,./Combustion.html
144,0,./Communication_complexity.html
6,0,./Commutative_ring.html
41,0,./Commutator.html
23,0,./Commutator_subgroup.html
43,0,./Compact_space.html
21,0,./Comparative_advantage.html
7,0,./Comparator.html
8,0,./Compass-and-straightedge_construction.html
3,0,./Compass.html
18,0,./Complement_(set_theory).html
9,0,./Complete_lattice.html
5,0,./Complete_measure.html
19,0,./Complete_metric_space.html
6,0,./Complex_analysis.html
357,0,./Complex_number.html
1,0,./Complexity.html
13,6,./Compression_ratio.html
56,0,./Compton_scattering.html
68,0,./Computable_number.html
2,0,./Computational_complexity_theory.html
17,0,./Computer_number_format.html
2,0,./Computer_science.html
60,0,./Concentration.html
56,0,./Condition_number.html
35,0,./Conformal_map.html
2,0,./Congruence_(geometry).html
31,0,./Congruence_relation.html
11,0,./Conjunction_introduction.html
32,0,./Connected_space.html
23,0,./Conservation_law.html
23,0,./Conservation_of_energy.html
8,0,./Conservative_force.html
12,0,./Constructible_number.html
8,0,./Constructivism_(mathematics).html
88,0,./Context-free_grammar.html
44,0,./Context-free_language.html
1,0,./Context-sensitive_language.html
62,0,./Continuous_function.html
34,0,./Continuum_hypothesis.html
198,0,./Continuum_mechanics.html
44,0,./Context-free_language.html
1,0,./Context-sensitive_language.html
62,0,./Continuous_function.html
34,0,./Continuum_hypothesis.html
198,0,./Continuum_mechanics.html
18,0,./Convex_hull.html
77,0,./Convex_set.html
0,0,./Convex_uniform_honeycomb.html
83,0,./Convolution.html
59,0,./Convolution_theorem.html
19,0,./Convolutional_code.html
1,0,./Conway's_Game_of_Life.html
4,0,./Copenhagen_interpretation.html
22,0,./Coprime_integers.html
54,0,./Coriolis_effect.html
17,0,./Corona.html
34,0,./Correspondence_principle.html
16,0,./Cosmic_censorship_hypothesis.html
7,0,./Cosmological_constant.html
3,0,./Cost_accounting.html
25,0,./Costas_loop.html
6,0,./Cotangent_space.html
5,0,./Coulomb.html
1,0,./Countable_set.html
3,0,./Cox's_theorem.html
106,0,./Cross_section_(physics).html
6,0,./Crystal_oscillator.html
11,0,./Crystal_structure.html
14,0,./Cube.html
2,0,./Cuboctahedron.html
51,0,./Cumulative_distribution_function.html
6,0,./Cumulus_cloud.html
18,0,./Curium.html
52,0,./Curl_(mathematics).html
44,0,./Currying.html
35,0,./Curvature.html
6,0,./Cutback_technique.html
35,0,./Cutoff_frequency.html
5,0,./Cyclic_group.html
15,0,./Cyclic_redundancy_check.html
29,0,./Cycloid.html
34,0,./Cyclotron.html
23,0,./CYK_algorithm.html
1,0,./D.html
1,0,./Daniel_Bernoulli.html
1,0,./Dark_matter.html
4,0,./Data_compression_ratio.html
15,0,./Data_Encryption_Standard.html
1,0,./Data_signaling_rate.html
3,0,./Data_stream.html
2,0,./Data_warehouse.html
3,0,./DBm.html
128,0,./De_Broglie–Bohm_theory.html
9,0,./De_Bruijn–Newman_constant.html
41,0,./De_Moivre's_formula.html
71,0,./De_Morgan's_laws.html
9,0,./Decibel.html
3,0,./Decimal.html
10,0,./Dedekind_cut.html
1,0,./Definable_real_number.html
2,0,./Delaunay_triangulation.html
4,0,./Delta_(letter).html
4,0,./Delta_modulation.html
3,0,./Demand_factor.html
3,0,./Demography.html
1,0,./Denotational_semantics.html
16,0,./Density.html
95,0,./Density_matrix.html
219,0,./Depth_of_field.html
307,0,./Derivative.html
3,0,./Design_of_experiments.html
124,0,./Determinant.html
1,0,./Determinism.html
10,0,./Deuterium.html
10,0,./Dew_point.html
9,0,./Diamagnetism.html
1,0,./Diameter.html
50,0,./Diatomic_molecule.html
26,0,./Dielectric.html
2,0,./Dielectric_strength.html
31,0,./Diesel_cycle.html
22,0,./Diffeomorphism.html
21,0,./Difference_engine.html
116,0,./Differential_calculus.html
17,0,./Differential_geometry.html
45,0,./Diffie–Hellman_key_exchange.html
34,0,./Diffraction.html
3,0,./Diffraction_grating.html
30,0,./Digital_filter.html
4,0,./Digital_signal_processing.html
22,0,./Digital_Signature_Algorithm.html
33,0,./Dijkstra's_algorithm.html
25,0,./Dimension.html
10,0,./Dimension_(vector_space).html
111,0,./Dimensional_analysis.html
148,0,./Dimensionless_quantity.html
3,0,./Diode.html
28,0,./Diophantine_equation.html
11,0,./Diophantus.html
38,0,./Dipole.html
148,0,./Dirac_delta_function.html
99,0,./Dirac_equation.html
34,0,./Direct_product.html
36,0,./Direct_sum_of_modules.html
38,0,./Dipole.html
148,0,./Dirac_delta_function.html
99,0,./Dirac_equation.html
34,0,./Direct_product.html
36,0,./Direct_sum_of_modules.html
4,0,./Discrete_mathematics.html
20,0,./Discrete_space.html
71,0,./Discriminant.html
1,0,./Disjoint_sets.html
22,0,./Disjunction_elimination.html
10,0,./Disjunction_introduction.html
12,0,./Disjunctive_syllogism.html
9,0,./Disperser.html
53,0,./Dissociation_constant.html
28,0,./Distance.html
4,0,./Distinct.html
4,0,./Distortion.html
77,0,./Distribution_(mathematics).html
6,0,./Disulfide_bond.html
54,0,./Divergence.html
33,0,./Division_(mathematics).html
12,0,./Division_ring.html
85,0,./Divisor.html
8,0,./Domain_of_a_function.html
3,0,./Dominance_(genetics).html
2,0,./Dominoes.html
31,61,./Doppler_effect.html
5,0,./Double-precision_floating-point_format.html
16,0,./Double-sideband_suppressed-carrier_transmission.html
17,0,./Double-slit_experiment.html
22,0,./Double_pendulum.html
2,0,./Dow_Jones_Industrial_Average.html
11,0,./Drake_equation.html
7,0,./Draw_(poker).html
7,0,./Drop_(liquid).html
17,0,./Dual_number.html
7,0,./Dual_polyhedron.html
82,0,./Dual_space.html
94,0,./Duodecimal.html
4,0,./Duty_cycle.html
17,0,./Dual_number.html
7,0,./Dual_polyhedron.html
82,0,./Dual_space.html
94,0,./Duodecimal.html
4,0,./Duty_cycle.html
2,0,./Earley_parser.html
9,0,./Earned_value_management.html
4,0,./Earth.html
3,0,./Eclipse.html
5,0,./Eclipse_cycle.html
18,0,./Ecliptic_coordinate_system.html
2,0,./Ecology.html
18,0,./Econometrics.html
5,0,./Economic_surplus.html
3,0,./Economy_of_Egypt.html
1,0,./Ectopic_pregnancy.html
15,0,./Einsteinium.html
130,0,./Elastic_collision.html
6,0,./Electric_charge.html
40,0,./Electric_current.html
39,0,./Electric_field.html
12,0,./Electric_potential.html
87,0,./Electrical_impedance.html
8,0,./Electrical_length.html
0,0,./Electrical_network.html
28,0,./Electrical_resistance_and_conductance.html
35,0,./Electrical_resistivity_and_conductivity.html
1,0,./Electricity.html
14,0,./Electro-optic_modulator.html
13,0,./Electrochemistry.html
1,0,./Electrolysis.html
19,0,./Electromagnetic_field.html
9,0,./Electromagnetic_induction.html
38,0,./Electromagnetic_radiation.html
1,0,./Electromagnetic_spectrum.html
1,0,./Electromagnetism.html
13,0,./Electron.html
9,0,./Electronegativity.html
9,0,./Electronvolt.html
1,0,./Electroplating.html
47,0,./Electroweak_interaction.html
219,0,./Elementary_algebra.html
7,0,./Elementary_function.html
56,0,./ElGamal_encryption.html
4,0,./Elias_delta_coding.html
3,0,./Elias_gamma_coding.html
130,0,./Ellipse.html
12,0,./Ellipsis.html
51,0,./Elliptic_curve.html
42,0,./Elliptic_curve_cryptography.html
3,0,./Elias_gamma_coding.html
130,0,./Ellipse.html
12,0,./Ellipsis.html
51,0,./Elliptic_curve.html
42,0,./Elliptic_curve_cryptography.html
3,0,./Elias_gamma_coding.html
130,0,./Ellipse.html
12,0,./Ellipsis.html
51,0,./Elliptic_curve.html
42,0,./Elliptic_curve_cryptography.html
10,0,./Enhanced_Interior_Gateway_Routing_Protocol.html
20,0,./Enigma_machine.html
0,0,./Enrico_Bombieri.html
0,0,./Enrico_Fermi.html
56,0,./Enthalpy.html
4,0,./Enthalpy_of_vaporization.html
37,0,./Entire_function.html
76,46,./Entropy.html
60,0,./Entropy_(information_theory).html
2,0,./Enzyme.html
1,0,./Ephemeris_time.html
3,0,./Epimorphism.html
15,0,./EPR_paradox.html
3,0,./Epsilon.html
42,0,./Equal_temperament.html
29,0,./Equation.html
166,0,./Equation_of_state.html
79,0,./Equations_of_motion.html
49,0,./Equatorial_coordinate_system.html
140,0,./Equivalence_class.html
14,0,./Equivalence_relation.html
6,0,./Equivalent_noise_resistance.html
19,0,./Erlang_(unit).html
0,0,./errors/Continued_fraction.html
0,0,./errors/Electromotive_force.html
0,0,./errors/History_of_science.html
0,0,./errors/Jones_calculus.html
0,0,./errors/Multiplication_algorithm.html
0,0,./errors/Natural_deduction.html
0,0,./Erwin_Schrödinger.html
17,0,./Escape_velocity.html
32,0,./Estimator.html
38,0,./Euclidean_algorithm.html
10,0,./Euclidean_distance.html
17,0,./Euclidean_domain.html
3,0,./Euclidean_geometry.html
78,0,./Euclidean_space.html
66,0,./Euclidean_vector.html
3,0,./Eudoxus_of_Cnidus.html
42,0,./Euler's_formula.html
28,0,./Euler's_identity.html
15,0,./Euler's_sum_of_powers_conjecture.html
4,0,./Euler's_theorem.html
106,0,./Euler's_totient_function.html
20,0,./Euler_number.html
85,0,./Euler–Maclaurin_formula.html
2,0,./Europa_(moon).html
1,0,./Evaporation.html
5,0,./Event_(probability_theory).html
4,0,./Evolutionary_psychology.html
85,0,./Euler–Maclaurin_formula.html
2,0,./Europa_(moon).html
1,0,./Evaporation.html
5,0,./Event_(probability_theory).html
4,0,./Evolutionary_psychology.html
68,0,./Exponential_distribution.html
33,0,./Exponential_function.html
62,0,./Exponentiation_by_squaring.html
1,0,./EXPSPACE.html
11,0,./EXPTIME.html
15,0,./Extended_periodic_table.html
6,0,./Extended_real_number_line.html
1,0,./Extinction_ratio.html
21,0,./Extractor_(mathematics).html
1,0,./Extraterrestrial_life.html
20,0,./Extreme_value_theory.html
110,0,./Factorial.html
1,0,./Fall_time.html
3,0,./Falsifiability.html
2,0,./Faraday_constant.html
20,0,./Extreme_value_theory.html
110,0,./Factorial.html
1,0,./Fall_time.html
3,0,./Falsifiability.html
2,0,./Faraday_constant.html
5,0,./Fermat_pseudoprime.html
4,0,./Fermi_paradox.html
5,0,./Fermium.html
19,0,./Ferroelectricity.html
2,0,./Ferromagnetism.html
223,0,./Feynman_diagram.html
35,0,./Fibonacci_coding.html
132,0,./Fibonacci_number.html
86,0,./Fick's_laws_of_diffusion.html
26,0,./Field_(mathematics).html
2,0,./Field_extension.html
81,0,./Field_of_fractions.html
9,0,./Figure-eight_knot_(mathematics).html
8,0,./Figured_bass.html
26,0,./Filter_(mathematics).html
1,0,./Financial_economics.html
19,0,./Fine-structure_constant.html
23,0,./Finitary_relation.html
34,0,./Finite-state_machine.html
99,0,./Finite_difference.html
366,0,./Finite_field.html
12,0,./Finite_set.html
15,0,./Finitely_generated_abelian_group.html
3,0,./Firearm.html
165,0,./First-order_logic.html
11,0,./Fitts's_law.html
6,0,./Fixed-odds_betting.html
62,0,./Floating_point.html
92,0,./Floor_and_ceiling_functions.html
13,0,./Fluid_dynamics.html
20,0,./Fluorescence.html
14,0,./Flux.html
110,0,./Force.html
140,0,./Ford–Fulkerson_algorithm.html
4,0,./Forgetting_curve.html
20,0,./Formal_language.html
100,0,./Formal_power_series.html
4,0,./Four_color_theorem.html
26,0,./Fourier_analysis.html
94,0,./Fourier_series.html
626,0,./Fourier_transform.html
8,0,./Fourier_transform_spectroscopy.html
1,0,./Fractal_art.html
7,0,./Fractal_compression.html
79,2756,./Frame_problem.html
27,0,./Free-space_path_loss.html
2,0,./Free_group.html
1,0,./Freeman_Dyson.html
2,0,./Freenet.html
10,0,./Frequency.html
30,0,./Frequency_modulation.html
13,0,./Frequency_modulation_synthesis.html
6,0,./Frequentist_probability.html
20,0,./Fresnel_equations.html
7,0,./Fresnel_zone.html
25,0,./Friction.html
2,0,./Full_moon.html
8,0,./Full_width_at_half_maximum.html
36,0,./Functional_analysis.html
60,0,./Functional_decomposition.html
2,0,./Functional_programming.html
52,0,./Functor.html
8,0,./Fundamental_frequency.html
32,0,./Fundamental_group.html
7,0,./Fundamental_interaction.html
42,0,./Fundamental_theorem_of_algebra.html
35,0,./Fundamental_theorem_of_arithmetic.html
7,0,./Fusion_power.html
5,0,./Fusor.html
10,0,./Fuzzy_control_system.html
8,0,./Fuzzy_logic.html
40,0,./Fuzzy_set.html
1,0,./Gabriel_Lamé.html
30,0,./Gain.html
3,0,./Gall–Peters_projection.html
2,0,./Galois_group.html
27,0,./Galois_theory.html
13,0,./Galvanometer.html
17,0,./Gambler's_fallacy.html
3,0,./Game_theory.html
5,0,./Gamma.html
6,0,./Gamma_correction.html
80,0,./Gamma_function.html
0,0,./Ganymede_(moon).html
50,0,./Garnet.html
17,0,./Gas_constant.html
17,0,./Gas_laws.html
3,0,./Gateway_Arch.html
113,0,./Gaussian_beam.html
66,0,./Gaussian_elimination.html
17,0,./Gas_constant.html
17,0,./Gas_laws.html
3,0,./Gateway_Arch.html
113,0,./Gaussian_beam.html
66,0,./Gaussian_elimination.html
39,0,./Generalized_mean.html
76,0,./Genetic_algorithm.html
2,0,./Genus–differentia_definition.html
21,0,./Geodesy.html
24,0,./Geographic_coordinate_system.html
3,0,./Geographic_information_system.html
172,0,./Geometric_algebra.html
47,0,./Geometric_distribution.html
50,0,./Geometric_mean.html
53,0,./Geometric_series.html
1,0,./Georg_Cantor.html
1,0,./George_Boole.html
11,0,./Geostationary_orbit.html
20,0,./Geostatistics.html
1,0,./Geosynchronous_orbit.html
6,0,./Geotechnical_engineering.html
1,0,./Gerolamo_Cardano.html
39,0,./Gini_coefficient.html
3,0,./Global-warming_potential.html
3,0,./Global_illumination.html
24,0,./Global_Positioning_System.html
34,0,./Glossary_of_topology.html
14,0,./Gluon.html
1,0,./Glycine.html
1,0,./GM.html
15,0,./Goldbach's_conjecture.html
80,0,./Golden_ratio.html
9,0,./Golden_ratio_base.html
15,0,./Golomb_ruler.html
4,0,./Gospel_of_John.html
5,0,./Gödel's_completeness_theorem.html
1,0,./Gödel's_ontological_proof.html
4,0,./Grade_of_service.html
6,0,./Graded-index_fiber.html
33,0,./Gradient.html
5,0,./Gödel's_completeness_theorem.html
1,0,./Gödel's_ontological_proof.html
4,0,./Grade_of_service.html
6,0,./Graded-index_fiber.html
33,0,./Gradient.html
29,0,./Gravitational_redshift.html
1,0,./Gravitational_singularity.html
5,0,./Gravity.html
76,0,./Gray_code.html
5,0,./Great_circle.html
29,0,./Gravitational_redshift.html
1,0,./Gravitational_singularity.html
5,0,./Gravity.html
76,0,./Gray_code.html
5,0,./Great_circle.html
14,0,./Group_action.html
45,0,./Group_delay_and_phase_delay.html
6,0,./Group_homomorphism.html
47,0,./Group_isomorphism.html
1,0,./Group_object.html
10,0,./Group_representation.html
8,0,./Group_theory.html
39,0,./Group_velocity.html
66,0,./Groupoid.html
112,0,./Grover's_algorithm.html
1,0,./GTPase.html
1,0,./Guided_ray.html
2,0,./Guitar.html
0,0,./GW-BASIC.html
66,0,./Gyrocompass.html
28,0,./Haar_measure.html
59,0,./Haar_wavelet.html
138,0,./Hahn–Banach_theorem.html
2,0,./Hail.html
25,0,./Half-life.html
19,0,./Hall_effect.html
3,0,./Halogen_lamp.html
75,0,./Hamiltonian_(quantum_mechanics).html
1,0,./Hammer.html
25,0,./Hamming_code.html
1,0,./Hamming_distance.html
8,0,./Handshaking.html
44,0,./Harmonic_function.html
33,0,./Harmonic_mean.html
109,0,./Harmonic_oscillator.html
1,0,./Hash-based_message_authentication_code.html
1,0,./Hash_table.html
16,0,./Hausdorff_dimension.html
5,0,./Hausdorff_maximal_principle.html
3,0,./Hausdorff_space.html
0,0,./Heap_(data_structure).html
7,0,./Heapsort.html
1,0,./Hearts.html
14,0,./Heat_engine.html
7,0,./Heat_pump.html
6,0,./Hebrew_alphabet.html
23,0,./Hebrew_calendar.html
16,0,./Heine–Borel_theorem.html
2,0,./Heisuke_Hironaka.html
2,0,./Helianthus_annuus.html
7,0,./Henri_Poincaré.html
3,0,./Henry_John_Stephen_Smith.html
1,0,./Herbivore.html
3,0,./Hertz.html
11,0,./Heterodyne.html
10,0,./Hexagon.html
4,0,./Hierarchy.html
39,0,./High-pass_filter.html
1,0,./High-speed_rail.html
81,0,./Hilbert's_basis_theorem.html
29,0,./Hilbert's_paradox_of_the_Grand_Hotel.html
30,0,./Histogram.html
21,0,./History_of_geometry.html
32,0,./History_of_logic.html
2,0,./History_of_mathematics.html
0,0,./Holographic_principle.html
3,0,./Holography.html
11,0,./Holomorphic_function.html
9,0,./Homeomorphism.html
3,0,./Homomorphism.html
33,0,./Horizon.html
7,0,./Horizontal_line_test.html
58,0,./Horner's_method.html
20,0,./Horsepower.html
4,0,./Hour_angle.html
57,0,./Hubble's_law.html
5,0,./Hubble_sequence.html
23,0,./Hue.html
31,0,./Huffman_coding.html
0,0,./Hull_(watercraft).html
14,0,./Humidity.html
2,0,./Hurwitz_polynomial.html
3,0,./Huygens–Fresnel_principle.html
1,0,./Hybrid_(biology).html
5,0,./Hybrid_rocket.html
38,0,./Hydrogen_atom.html
1,0,./Hydrogen_peroxide.html
7,0,./Hydrophobe.html
3,0,./Hydropower.html
42,0,./Hydrostatic_equilibrium.html
119,0,./Hyperbola.html
74,0,./Hyperbolic_function.html
31,0,./Hypercomplex_number.html
20,0,./Hypercube.html
13,0,./Hyperinflation.html
69,0,./Hyperreal_number.html
2,0,./Hypoxia_(medical).html
2,0,./Icosidodecahedron.html
64,0,./Ideal_(ring_theory).html
78,0,./Ideal_gas.html
19,0,./Ideal_gas_law.html
50,0,./Idempotence.html
68,0,./Identical_particles.html
4,0,./Identity_matrix.html
17,0,./IEEE_754-1985.html
32,0,./Imaginary_number.html
146,0,./Imaginary_unit.html
44,0,./Inclined_plane.html
9,0,./Income.html
35,0,./Independence_(probability_theory).html
1,0,./Index.html
96,0,./Indifference_curve.html
93,1231,./Inductive_logic_programming.html
38,0,./Inductor.html
6,0,./Inelastic_collision.html
5,0,./Inertia.html
12,0,./Inertial_frame_of_reference.html
31,0,./Infimum_and_supremum.html
2,0,./Infinite_monkey_theorem.html
8,0,./Inflation.html
10,0,./Inflation_(cosmology).html
53,0,./Information_retrieval.html
57,0,./Information_theory.html
1,0,./Infrared.html
9,0,./Infrared_spectroscopy.html
6,0,./Injective_function.html
3,0,./Inner_automorphism.html
253,0,./Inner_product_space.html
7,0,./Insertion_loss.html
15,0,./Integer.html
6,0,./Injective_function.html
3,0,./Inner_automorphism.html
253,0,./Inner_product_space.html
7,0,./Insertion_loss.html
15,0,./Integer.html
1,0,./Interference_filter.html
11,0,./Interior_(topology).html
6,0,./Intermolecular_force.html
48,0,./Internal_rate_of_return.html
0,0,./International_Obfuscated_C_Code_Contest.html
8,0,./International_Standard_Book_Number.html
10,0,./Interpolation.html
4,0,./Interpretations_of_quantum_mechanics.html
1,0,./Interquartile_mean.html
4,0,./Interquartile_range.html
11,0,./Interstellar_medium.html
4,0,./Interstellar_travel.html
130,0,./Interval_(mathematics).html
3,0,./Interval_(music).html
9,0,./Inverse-square_law.html
47,0,./Inverse_element.html
250,0,./Inverse_function.html
18,0,./Inverse_limit.html
24,0,./Inverse_transform_sampling.html
56,0,./Ionization.html
12,0,./Ionization_energy.html
3,0,./Ionosphere.html
26,0,./Irreducible_element.html
14,0,./Irreducible_fraction.html
25,0,./ISO_216.html
2,0,./Isoelectric_point.html
41,0,./Isomorphism.html
7,0,./Isomorphism_class.html
115,0,./Isomorphism_theorem.html
1,0,./Isotope_separation.html
5,0,./Isotropy.html
4,0,./IS–LM_model.html
1,0,./Iterative_method.html
12,0,./Jacob_Bernoulli.html
10,0,./Jacobson_radical.html
44,0,./Jerk_(physics).html
19,0,./Jet_engine.html
7,0,./JFET.html
5,0,./John_von_Neumann.html
2,0,./Joseph_Stefan.html
28,0,./Joseph_Stiglitz.html
3,0,./Josiah_Willard_Gibbs.html
3,0,./Josip_Plemelj.html
2,0,./Joule.html
66,0,./JPEG.html
2,0,./JPEG_2000.html
73,0,./Julia_set.html
4,0,./Julian_day.html
3,0,./Jupiter_trojan.html
3,0,./Jurij_Vega.html
28,0,./Just_intonation.html
90,0,./Kaluza–Klein_theory.html
10,0,./Karl_Popper.html
1,0,./Karplus–Strong_string_synthesis.html
1,0,./Kate_Bush.html
4,0,./Keno.html
106,0,./Kepler's_laws_of_planetary_motion.html
4,0,./Kepler–Poinsot_polyhedron.html
12,0,./Kernel_(algebra).html
1,0,./Ket.html
4,0,./Keno.html
106,0,./Kepler's_laws_of_planetary_motion.html
4,0,./Kepler–Poinsot_polyhedron.html
12,0,./Kernel_(algebra).html
1,0,./Ket.html
20,0,./Kinetic_theory.html
11,0,./Kirkendall_effect.html
2,0,./Kleene_star.html
9,0,./Klein_bottle.html
2,0,./Klein_four-group.html
110,0,./Knapsack_problem.html
11,0,./Knight's_tour.html
16,0,./Koch_snowflake.html
29,0,./Kolmogorov–Smirnov_test.html
3,0,./Konstantin_Tsiolkovsky.html
23,0,./Krull_dimension.html
10,0,./Kruskal's_algorithm.html
4,0,./Kuiper's_test.html
3,0,./Kuiper_belt.html
33,0,./Kurtosis.html
158,0,./L'Hôpital's_rule.html
3,0,./L-system.html
18,0,./Labor_theory_of_value.html
4,0,./Labour_economics.html
7,0,./Lagged_Fibonacci_generator.html
7,0,./Lagrange's_theorem_(group_theory).html
9,0,./Lagrangian_point.html
1,0,./LALR_parser.html
114,0,./Lambda_calculus.html
12,0,./Lambert's_cosine_law.html
133,0,./Langmuir_probe.html
52,0,./Laplace's_equation.html
181,0,./Laplace_transform.html
1,0,./Large_Magellanic_Cloud.html
1,0,./LaTeX.html
12,0,./Latin_square.html
21,0,./Latitude.html
7,0,./Laurent_polynomial.html
34,0,./Laurent_series.html
13,0,./Law_of_dilution.html
21,0,./Law_of_excluded_middle.html
1,0,./Law_of_noncontradiction.html
0,0,./Le_Chatelier's_principle.html
34,0,./Least_common_multiple.html
47,0,./Lebesgue_measure.html
21,0,./Legendre_symbol.html
17,0,./Lens_(optics).html
1,0,./Leon_M._Lederman.html
31,0,./Leonhard_Euler.html
10,0,./Lepton.html
9,0,./Lever.html
143,0,./Lie_algebra.html
29,0,./Lie_group.html
19,0,./Life_expectancy.html
12,0,./Lift_(force).html
3,0,./Light.html
1,0,./Lighthouse.html
72,0,./Likelihood-ratio_test.html
44,0,./Likelihood_function.html
14,0,./Likelihood_principle.html
20,0,./Limit_(category_theory).html
95,0,./Limit_superior_and_limit_inferior.html
10,0,./Line-of-sight_propagation.html
62,0,./Linear_algebra.html
28,0,./Linear_combination.html
10,0,./Linear_congruential_generator.html
2,0,./Linear_cryptanalysis.html
41,0,./Linear_equation.html
20,0,./Linear_feedback_shift_register.html
13,0,./Linear_filter.html
47,0,./Linear_map.html
6,0,./Linear_model.html
1,0,./Linear_motor.html
13,0,./Linear_polarization.html
17,0,./Linear_prediction.html
43,0,./Linear_programming.html
42,0,./Linear_regression.html
3,0,./Linear_search.html
9,0,./Linear_span.html
27,0,./Linear_subspace.html
8,0,./Linked_list.html
31,0,./Liouville_number.html
14,0,./Lipschitz_continuity.html
10,0,./Liquid_crystal.html
1,0,./Lisp_(programming_language).html
1,0,./List_of_agnostics.html
103,0,./List_of_equations_in_classical_mechanics.html
1,0,./List_of_Fourier-related_transforms.html
94,0,./List_of_logarithmic_identities.html
0,0,./List_of_Major_League_Baseball_players_with_4,000_total_bases.html
2,0,./List_of_mathematical_functions.html
49,0,./List_of_thermodynamic_properties.html
1,0,./List_of_zeta_functions.html
1,0,./Lithium_carbonate.html
19,0,./Loading_coil.html
11,0,./Local_exchange_carrier.html
11,0,./Location_parameter.html
114,0,./Logarithm.html
18,0,./Logarithmic_integral_function.html
28,0,./Logarithmic_spiral.html
10,0,./Logic_gate.html
0,0,./Logic_programming.html
95,229,./Logical_conjunction.html
112,384,./Logical_connective.html
92,4210,./Logical_disjunction.html
38,0,./Logistic_map.html
3,0,./Longitude.html
69,0,./Lorentz_force.html
80,0,./Lorentz_transformation.html
12,0,./Lorenz_curve.html
38,0,./Logistic_map.html
3,0,./Longitude.html
69,0,./Lorentz_force.html
80,0,./Lorentz_transformation.html
12,0,./Lorenz_curve.html
2,0,./Lua_(programming_language).html
3,0,./Ludwig_von_Bertalanffy.html
2,0,./Ludwig_Wittgenstein.html
6,0,./Luminance.html
3,0,./Luminiferous_aether.html
52,0,./Luminosity.html
10,0,./Mach_number.html
1,0,./Macroeconomics.html
4,0,./Magic_square.html
20,0,./Magnet.html
271,0,./Magnetic_field.html
7,0,./Magnetic_flux.html
8,0,./Magnetic_mirror.html
39,0,./Magnetism.html
16,0,./Magneto-optic_effect.html
32,0,./Magnetohydrodynamics.html
10,0,./Magnetopause.html
1,0,./Magnetoplasmadynamic_thruster.html
10,0,./Magnetoresistance.html
7,0,./Magnetosphere.html
7,0,./Main_sequence.html
1,0,./Majority_function.html
149,0,./Mandelbrot_set.html
48,0,./Many-valued_logic.html
6,0,./Many-worlds_interpretation.html
1,0,./Mariner_1.html
1,0,./Market_capitalization.html
85,0,./Markov_chain.html
1,0,./Masoretic_Text.html
28,0,./Mass.html
1,0,./Mariner_1.html
1,0,./Market_capitalization.html
85,0,./Markov_chain.html
1,0,./Masoretic_Text.html
28,0,./Mass.html
3,0,./Mathematical_logic.html
7,0,./Mathematical_model.html
17,0,./Mathematical_optimization.html
7,0,./Mathematics.html
5,0,./MathML.html
1,0,./Max_Born.html
7,0,./Max_Planck.html
4,0,./Maximal-ratio_combining.html
3,0,./Maximal_ideal.html
1,0,./Maximum_usable_frequency.html
210,0,./Maxwell's_equations.html
50,0,./Maxwell–Boltzmann_distribution.html
5,0,./MD5.html
37,0,./Mean.html
6,0,./Mean_time_between_failures.html
1,0,./Mean_time_between_outages.html
76,0,./Mean_value_theorem.html
18,0,./Measurable_function.html
77,0,./Measure_(mathematics).html
23,0,./Mechanical_advantage.html
3,0,./Mechanics.html
46,0,./Median.html
3,0,./Meissner_effect.html
7,0,./Mel_scale.html
1,0,./Melting.html
5,0,./Melting_point.html
1,0,./Mercalli_intensity_scale.html
19,0,./Mercator_projection.html
12,0,./Merge_sort.html
22,0,./Merkle–Hellman_knapsack_cryptosystem.html
33,0,./Mersenne_prime.html
18,0,./Mersenne_Twister.html
25,0,./Meson.html
4,0,./Meta-analysis.html
1,0,./Meteoroid.html
19,0,./Metre.html
182,0,./Metric_space.html
6,0,./Metrization_theorem.html
49,0,./Metropolis–Hastings_algorithm.html
3,0,./Michael_Atiyah.html
6,0,./Microclimate.html
3,0,./Microfluidics.html
8,0,./Minimax.html
22,0,./Minimum_spanning_tree.html
3,0,./Michael_Atiyah.html
6,0,./Microclimate.html
3,0,./Microfluidics.html
8,0,./Minimax.html
22,0,./Minimum_spanning_tree.html
60,0,./Model_theory.html
54,0,./Modular_arithmetic.html
3,0,./Modulation.html
3,0,./Modus_ponens.html
26,0,./Modus_tollens.html
57,0,./Moiré_pattern.html
28,0,./Mole_fraction.html
8,0,./Molecular_diffusion.html
8,0,./Molecular_orbital.html
1,0,./Molybdenum.html
179,0,./Momentum.html
6,0,./Monetarism.html
24,0,./Monoid.html
5,0,./Monoid_ring.html
5,0,./Monomorphism.html
3,0,./Monopoly.html
51,0,./Monotonic_function.html
3,0,./Monster_group.html
7,0,./Monte_Carlo_method.html
2,0,./Moon.html
36,0,./MOSFET.html
75,0,./Möbius_function.html
48,0,./Möbius_inversion_formula.html
8,0,./Möbius_strip.html
6,0,./Mössbauer_effect.html
3,0,./MPEG-1.html
17,0,./Multipath_propagation.html
26,0,./Multiplexer.html
58,0,./Multiplication.html
65,0,./Multiplicative_function.html
115,0,./Multivariate_normal_distribution.html
68,0,./Multivariate_random_variable.html
11,0,./Multivibrator.html
23,0,./Muon.html
7,0,./Musical_note.html
0,0,./Musical_tuning.html
1,0,./Muskellunge.html
1,0,./Mutual_recursion.html
4,0,./Mutualism_(biology).html
3,0,./Myriad.html
97,0,./N-sphere.html
1,0,./N.html
49,0,./Naive_set_theory.html
14,0,./Naked_singularity.html
1,0,./Nanowire.html
2,0,./Nash_embedding_theorem.html
123,0,./Nash_equilibrium.html
75,0,./Natural_logarithm.html
16,0,./Natural_number.html
1,0,./Natural_selection.html
27,0,./Natural_transformation.html
96,0,./Navier–Stokes_equations.html
18,0,./NC_(complexity).html
2,0,./Near-Earth_object.html
45,0,./Negative_binomial_distribution.html
9,0,./Neper.html
7,0,./Neptunium.html
42,0,./Net_(mathematics).html
32,0,./Net_present_value.html
1,0,./Network_topology.html
2,0,./Neutrino.html
3,0,./Neutron.html
10,0,./Neutron_star.html
3,0,./New_moon.html
11,0,./Newton's_laws_of_motion.html
104,0,./Newton's_method.html
1,0,./Niccolò_Fontana_Tartaglia.html
1,0,./Nicolas_Léonard_Sadi_Carnot.html
3,0,./Niels_Bohr.html
5,0,./Nim.html
1,0,./Nitrox.html
24,0,./No-cloning_theorem.html
10,0,./Noetherian_ring.html
5,0,./Noise-equivalent_power.html
6,0,./Noise_figure.html
41,0,./Noise_temperature.html
10,0,./Non-deterministic_Turing_machine.html
8,0,./Non-Euclidean_geometry.html
144,0,./Non-standard_analysis.html
41,0,./Nonlinear_optics.html
157,0,./Normal_distribution.html
3,0,./Normal_subgroup.html
23,0,./Normed_vector_space.html
10,0,./Nowhere_dense_set.html
3,0,./NP_(complexity).html
5,0,./Nuclear_chain_reaction.html
6,0,./Nuclear_fusion.html
3,0,./Nuclear_photonic_rocket.html
84,0,./Nuclear_shell_model.html
13,0,./Nuclear_thermal_rocket.html
9,0,./Nucleon.html
8,0,./Nucleophile.html
1,0,./Null.html
39,0,./Number.html
2,0,./Number_sign.html
88,0,./Number_theory.html
25,0,./Numeral_system.html
12,0,./Numerical_analysis.html
28,0,./Numerical_aperture.html
52,0,./Nusselt_number.html
27,0,./Nutation.html
37,0,./Nyquist–Shannon_sampling_theorem.html
0,0,./Oberon_(moon).html
1,0,./Obesity.html
44,0,./Ocean_thermal_energy_conversion.html
12,0,./Octahedron.html
5,0,./Octal.html
27,0,./Octonion.html
3,0,./Oersted.html
39,0,./Ohm's_law.html
1,0,./Ohmmeter.html
4,1,./Olbers'_paradox.html
2,0,./Oligopoly.html
1,0,./Omega.html
1,0,./On-base_percentage.html
5,0,./On-base_plus_slugging.html
1,0,./Opal.html
24,0,./Open_set.html
12,0,./Operand.html
21,0,./Operational_amplifier.html
36,0,./Operator_(mathematics).html
68,0,./Optical_aberration.html
16,0,./Optical_depth.html
6,0,./Optical_isolator.html
3,0,./Optical_path_length.html
11,0,./Optical_rotation.html
36,0,./Optics.html
1,0,./Oracle_machine.html
64,0,./Orbit.html
5,0,./Orbital_inclination.html
12,0,./Orbital_resonance.html
4,0,./Order_of_magnitude.html
11,0,./Ordered_field.html
34,0,./Ordered_pair.html
111,0,./Original_proof_of_Gödel's_completeness_theorem.html
2,0,./Ornament_(music).html
1,0,./Orrery.html
32,0,./Orthogonal_frequency-division_multiplexing.html
1,0,./Osmium_tetroxide.html
20,0,./Osmotic_pressure.html
2,0,./Ostrich.html
2,0,./Ovality.html
8,0,./Oxidative_phosphorylation.html
196,0,./P-adic_number.html
9,0,./P-group.html
19,0,./P_versus_NP_problem.html
10,0,./PAL.html
2,0,./Palermo_Technical_Impact_Hazard_Scale.html
3,0,./Palindrome.html
1,0,./Panspermia.html
157,0,./Parabola.html
97,0,./Paracompact_space.html
10,0,./Parallax.html
5,0,./Parallelepiped.html
21,0,./Paramagnetism.html
11,0,./Parameter.html
113,0,./Pareto_distribution.html
26,0,./Pareto_efficiency.html
8,0,./Pareto_index.html
3,0,./Pareto_principle.html
1,0,./Parimutuel_betting.html
79,0,./Parity_of_a_permutation.html
3,0,./Parsec.html
50,0,./Partial_derivative.html
78,0,./Partial_differential_equation.html
7,0,./Partial_evaluation.html
14,0,./Partial_function.html
59,0,./Partial_pressure.html
6,0,./Partially_ordered_set.html
89,0,./Particle_in_a_box.html
4,0,./Partition_of_unity.html
90,0,./Pascal's_triangle.html
1,0,./Pascal_(unit).html
5,0,./Password_length_parameter.html
9,0,./Path_loss.html
7,0,./Paul_Cohen_(mathematician).html
8,0,./Paul_Dirac.html
10,0,./Pauli_exclusion_principle.html
109,0,./Pauli_matrices.html
2,0,./Pea.html
38,0,./Peano_axioms.html
1,0,./Pearl_Index.html
72,0,./Pell's_equation.html
6,0,./Pelton_wheel.html
15,0,./Pendulum.html
1,0,./Pendulum_clock.html
2,0,./Pentium_FDIV_bug.html
8,0,./Peptide_bond.html
20,0,./Percentage.html
13,0,./Perfect_number.html
37,0,./Perimeter.html
22,0,./Permittivity.html
63,0,./Permutation.html
16,0,./Permutation_group.html
18,0,./Peroxide.html
3,0,./Peroxisome.html
7,0,./Petroleum.html
4,0,./Péclet_number.html
26,0,./PH.html
68,0,./Phase-locked_loop.html
84,0,./Phase-shift_keying.html
23,0,./Phase_(waves).html
1,0,./Phase_angle.html
10,0,./Phase_modulation.html
4,0,./Phase_noise.html
13,0,./Phase_transition.html
4,0,./Phase_velocity.html
14,0,./Phased_array.html
1,0,./Phidias.html
4,0,./Phosphate.html
6,0,./Photodiode.html
17,0,./Photoelectric_effect.html
7,0,./Photolithography.html
1,0,./Photoluminescence.html
70,0,./Photon.html
7,0,./Phrase_structure_rules.html
6,0,./Physical_constant.html
3,0,./Physical_cosmology.html
21,0,./Physical_quantity.html
1,0,./Physics.html
7,0,./Phrase_structure_rules.html
6,0,./Physical_constant.html
3,0,./Physical_cosmology.html
21,0,./Physical_quantity.html
1,0,./Physics.html
0,0,./Pigeonhole_sort.html
4,0,./Pink_noise.html
3,0,./Pion.html
15,0,./Pitot_tube.html
8,0,./Planar_graph.html
46,0,./Plane_wave.html
4,0,./Plasma_stability.html
76,0,./Platonic_solid.html
0,0,./Pluto.html
1,0,./Poincaré_conjecture.html
1,0,./Pointless_topology.html
77,0,./Polar_coordinate_system.html
37,0,./Polarization_(waves).html
22,0,./Polish_notation.html
17,0,./Polygon.html
17,0,./Polyhedron.html
2,0,./Polymer.html
3,0,./Polymerization.html
191,0,./Polynomial.html
5,0,./Polytope.html
7,0,./Population_inversion.html
55,0,./Positive-definite_matrix.html
1,0,./Positron_emission_tomography.html
10,0,./Positronium.html
20,0,./Post_correspondence_problem.html
64,0,./Potential_energy.html
136,14,./Potential_flow.html
12,0,./Power-law_index_profile.html
28,0,./Power_(physics).html
15,0,./Power_factor.html
79,0,./Power_law.html
1,0,./Power_number.html
37,0,./Power_series.html
41,0,./Power_set.html
1,0,./Power_transmission.html
19,0,./Poynting_vector.html
14,0,./Prandtl_number.html
26,0,./Precession.html
1,0,./Prefix_code.html
20,0,./Preorder.html
19,0,./Poynting_vector.html
14,0,./Prandtl_number.html
26,0,./Precession.html
1,0,./Prefix_code.html
20,0,./Preorder.html
67,0,./Prime_number.html
78,0,./Prime_number_theorem.html
18,0,./Primitive_recursive_function.html
13,0,./Principal_ideal_domain.html
1,0,./Principle_of_bivalence.html
25,0,./Priority_queue.html
2,0,./Prismatoid.html
24,0,./Prisoner's_dilemma.html
27,0,./Probability.html
36,0,./Probability_axioms.html
49,0,./Probability_density_function.html
26,0,./Probability_distribution.html
6,0,./Probability_interpretations.html
7,0,./Probability_measure.html
55,0,./Probability_space.html
67,0,./Probability_theory.html
48,0,./Product_(mathematics).html
2,0,./Product_of_group_subsets.html
2,0,./Product_of_rings.html
5,0,./Product_topology.html
1,0,./Profinite_group.html
12,0,./Projective_plane.html
9,0,./Proof_by_contradiction.html
21,0,./Propagation_constant.html
65,0,./Propeller.html
12,0,./Proper_motion.html
485,0,./Propositional_calculus.html
5,0,./Prosecutor's_fallacy.html
14,0,./Protactinium.html
9,0,./Protein_primary_structure.html
5,0,./Protein_secondary_structure.html
10,0,./Proton_decay.html
4,0,./Prudence.html
1,0,./Pseudocode.html
33,0,./Pseudometric_space.html
47,0,./Pseudorandom_number_generator.html
3,0,./Pseudosphere.html
2,0,./PSPACE-complete.html
7,0,./PSPACE.html
1,0,./Public_capital.html
5,0,./Puff_pastry.html
2,0,./Pulley.html
3,0,./Pulse-amplitude_modulation.html
9,0,./Pulsed_plasma_thruster.html
2,0,./Pump.html
1,0,./Purchasing_power_parity.html
160,0,./Pushdown_automaton.html
1,0,./Pyridine.html
2,0,./Pyrite.html
1,0,./Pythagoras.html
101,0,./Pythagorean_triple.html
29,0,./Pythagorean_tuning.html
166,0,./Quadratic_equation.html
113,0,./Quadratic_formula.html
48,0,./Quadratic_programming.html
101,0,./Pythagorean_triple.html
29,0,./Pythagorean_tuning.html
166,0,./Quadratic_equation.html
113,0,./Quadratic_formula.html
48,0,./Quadratic_programming.html
2,0,./Quantum_chemistry.html
16,0,./Quantum_chromodynamics.html
21,0,./Quantum_computing.html
28,0,./Quantum_electrodynamics.html
99,0,./Quantum_entanglement.html
78,0,./Quantum_field_theory.html
5,0,./Quantum_Hall_effect.html
132,0,./Quantum_harmonic_oscillator.html
2,0,./Quantum_information.html
18,0,./Quantum_key_distribution.html
25,0,./Quantum_mechanics.html
56,0,./Quantum_teleportation.html
2,0,./Quark.html
8,0,./Quartile.html
27,0,./Quasigroup.html
30,0,./Quasispecies_model.html
81,0,./Quaternion.html
32,0,./Qubit.html
4,0,./Queueing_theory.html
3,0,./Quintessence_(physics).html
2,0,./Quotient_group.html
1,0,./R.html
11,0,./Radar.html
38,0,./Radian.html
1,0,./Radiation_mode.html
25,0,./Radiation_pattern.html
23,0,./Radiation_pressure.html
7,0,./Radio_fix.html
7,0,./Radiocarbon_dating.html
10,0,./Radiometry.html
4,0,./Radiosity_(computer_graphics).html
54,0,./Radius_of_convergence.html
20,0,./Radius_of_gyration.html
1,0,./Rail_transport.html
3,0,./Raman_spectroscopy.html
108,0,./Random_variable.html
4,0,./Range_(statistics).html
39,0,./Rank_(linear_algebra).html
35,0,./Raoult's_law.html
6,0,./Rasterisation.html
4,0,./Rational_choice_theory.html
5,0,./Rational_expectations.html
16,0,./Rational_root_theorem.html
127,0,./Raven_paradox.html
33,0,./Ray_tracing_(graphics).html
11,0,./Rayleigh_number.html
5,0,./Rayleigh_scattering.html
20,0,./Real_analysis.html
27,0,./Real_line.html
10,0,./Rectangle.html
10,0,./Rectifier.html
30,0,./Recursion.html
4,0,./Recursively_enumerable_language.html
105,0,./Redshift.html
7,0,./Reduction.html
15,0,./Red–black_tree.html
243,0,./Reed–Solomon_error_correction.html
1,0,./Referential_transparency_(computer_science).html
6,0,./Reflectance.html
10,0,./Reflection_coefficient.html
1,0,./Refraction.html
29,0,./Refractive_index.html
2,0,./Regular_expression.html
1,0,./Regular_grammar.html
25,0,./Regular_icosahedron.html
42,0,./Regular_language.html
76,0,./Reinforcement_learning.html
83,0,./Relational_model.html
21,0,./Relative_density.html
9,0,./Relative_permittivity.html
2,0,./Rendering_(computer_graphics).html
5,0,./Resistor.html
14,0,./Resonance.html
6,0,./Responsivity.html
11,0,./Return_loss.html
1,0,./RGB_color_model.html
1,0,./Rheology.html
1,0,./Rheumatoid_arthritis.html
6,0,./Rhombicuboctahedron.html
101,0,./Rice's_theorem.html
92,0,./Riemann_integral.html
3,0,./Riemann_mapping_theorem.html
119,0,./Riemann_zeta_function.html
21,0,./Riesz_representation_theorem.html
51,0,./Right_triangle.html
257,0,./Ring_(mathematics).html
2,0,./RN.html
16,0,./Robert_Langlands.html
76,0,./Roche_limit.html
32,0,./Rocket.html
3,0,./Role-based_access_control.html
39,0,./Roman_surface.html
50,0,./Root_mean_square.html
1,0,./ROT13.html
41,0,./Roulette.html
61,0,./RSA_(cryptosystem).html
2,0,./Rubik's_Cube.html
6,0,./Russell's_paradox.html
25,0,./Rutherford_scattering.html
8,0,./SameGame.html
3,0,./Sample_(statistics).html
1,0,./Sample_space.html
4,0,./Satellite_temperature_measurements.html
83,0,./Saul_Kripke.html
6,0,./Sawtooth_wave.html
3,0,./Sample_(statistics).html
1,0,./Sample_space.html
4,0,./Satellite_temperature_measurements.html
83,0,./Saul_Kripke.html
6,0,./Sawtooth_wave.html
9,0,./Sedenion.html
4,0,./Sediment.html
5,0,./Self-similarity.html
19,0,./Semi-continuity.html
1,0,./Semicolon.html
107,0,./Semidirect_product.html
78,0,./Semigroup.html
4,0,./Semivariance.html
54,0,./Separable_space.html
1,0,./Septuagint.html
47,0,./Sequence.html
93,0,./Series_(mathematics).html
6,0,./Set_(game).html
4,0,./Shannon–Fano_coding.html
1,0,./Sharp-P.html
44,0,./Sheffer_stroke.html
2,0,./Ship.html
90,0,./Shor's_algorithm.html
31,0,./Shortest_path_problem.html
21,0,./Shot_noise.html
1,0,./Shotgun_sequencing.html
3,0,./Shuffling.html
9,0,./Sidereal_time.html
11,0,./Sierpinski_carpet.html
11,0,./Sierpinski_triangle.html
66,0,./Sigma-algebra.html
28,0,./Signal-to-noise_ratio.html
15,0,./Siméon_Denis_Poisson.html
37,0,./Similarity_(geometry).html
7,0,./Simple_group.html
24,0,./Simple_harmonic_motion.html
39,0,./Simple_machine.html
2,0,./Simple_module.html
67,0,./Simplex.html
30,0,./Simpson's_paradox.html
1,0,./Simula.html
2,0,./SINAD.html
1,0,./Single-mode_optical_fiber.html
47,0,./Single-sideband_modulation.html
28,0,./Single-stage-to-orbit.html
2,0,./Single_transferable_vote.html
56,0,./Singularity_(mathematics).html
1,0,./Sirius.html
47,0,./Single-sideband_modulation.html
28,0,./Single-stage-to-orbit.html
2,0,./Single_transferable_vote.html
56,0,./Singularity_(mathematics).html
1,0,./Sirius.html
6,0,./Smalltalk.html
36,0,./Snell's_law.html
1,0,./Software_bug.html
1,0,./Software_engineering.html
8,0,./Soil.html
0,0,./Solar_System.html
3,0,./Solid-fuel_rocket.html
3,0,./Solubility.html
17,0,./Solubility_equilibrium.html
1,0,./Sonoluminescence.html
16,0,./Sophie_Germain.html
30,0,./Sorting_algorithm.html
14,0,./Space_elevator.html
1,0,./Space_suit.html
64,0,./Spacecraft_propulsion.html
36,0,./Spacetime.html
56,0,./Special_relativity.html
33,0,./Specific_detectivity.html
21,0,./Specific_impulse.html
2,0,./Speckle_pattern.html
4,0,./Spectroscopy.html
26,0,./Spectrum_of_a_ring.html
17,0,./Speed.html
39,0,./Sphere.html
59,0,./Spherical_coordinate_system.html
73,0,./Spinor.html
7,0,./Spintronics.html
6,0,./Spiral.html
39,0,./Splay_tree.html
54,0,./Spontaneous_emission.html
111,0,./Sprague–Grundy_theorem.html
2,0,./Sprouts_(game).html
17,0,./Square-free_integer.html
1,0,./Square_(disambiguation).html
130,0,./Square_root.html
20,0,./SQUID.html
16,0,./Srinivasa_Ramanujan.html
1,0,./Stainless_steel.html
71,0,./Standard_deviation.html
9,0,./Standard_Model.html
4,0,./Standing_wave.html
29,0,./Standing_wave_ratio.html
3,0,./Star.html
1,0,./Star_formation.html
8,0,./Star_height_problem.html
10,0,./Statcoulomb.html
2,0,./Statics.html
42,0,./Statistical_ensemble_(mathematical_physics).html
66,0,./Statistical_hypothesis_testing.html
2,0,./Statistical_inference.html
5,0,./Statistical_mechanics.html
34,0,./Statistical_model.html
10,0,./Statistical_physics.html
99,0,./Steam_turbine.html
1,0,./Stefan–Boltzmann_constant.html
122,0,./Stefan–Boltzmann_law.html
28,0,./Steiner_system.html
7,0,./Step-index_profile.html
10,0,./Steradian.html
43,0,./Stimulated_emission.html
2,0,./Stimulus–response_model.html
44,0,./Stochastic_process.html
37,0,./Stoichiometry.html
37,0,./Stokes'_theorem.html
10,0,./Stone–Čech_compactification.html
2,0,./Stimulus–response_model.html
44,0,./Stochastic_process.html
37,0,./Stoichiometry.html
37,0,./Stokes'_theorem.html
10,0,./Stone–Čech_compactification.html
19,0,./String_theory.html
3,0,./Strouhal_number.html
2,0,./Structural_engineering.html
4,0,./Subgroup.html
8,0,./Subset.html
5,0,./Subset_sum_problem.html
20,0,./Substance_theory.html
2,0,./Substitution_cipher.html
5,0,./Subwoofer.html
8,0,./Sunlight.html
19,0,./Super-Kamiokande.html
2,0,./Superconducting_magnetic_energy_storage.html
2,0,./Superconductivity.html
10,0,./Superellipse.html
5,0,./Superfluid_helium-4.html
3,0,./Superheterodyne_receiver.html
30,0,./Superparamagnetism.html
1,0,./Supersaturation.html
4,0,./Superscalar.html
65,0,./Supervised_learning.html
131,0,./Support_vector_machine.html
10,0,./Surface.html
9,0,./Surface_area.html
4,0,./Surjective_function.html
27,0,./Surreal_number.html
1,0,./Svante_Arrhenius.html
2,0,./Syllogism.html
6,0,./Sylow_theorems.html
39,0,./Symmetric_group.html
4,0,./Symmetry_group.html
19,0,./Symplectic_manifold.html
1,0,./T1.html
4,0,./Tachyon.html
2,0,./Tactical_voting.html
1,0,./Tacticity.html
39,0,./Tangent.html
16,0,./Tangent_space.html
14,0,./Tangram.html
3,0,./Tariff.html
6,0,./Tau_Ceti.html
68,0,./Taylor's_theorem.html
77,0,./Taylor_series.html
52,0,./Tensor.html
274,0,./Tensor_product.html
1,0,./Ternary_numeral_system.html
16,0,./Tesla_coil.html
1,0,./Tesseract.html
40,0,./Tetrahedron.html
7,0,./TeX.html
2,0,./Thales.html
4,0,./The_Limits_to_Growth.html
1,0,./The_Number_of_the_Beast_(novel).html
9,0,./Theorem.html
15,0,./Theoretical_ecology.html
12,0,./Theory_of_computation.html
51,0,./Thermal_conductivity.html
6,0,./Thermal_diffusivity.html
1,0,./Thermal_insulation.html
6,0,./Thermal_mass.html
40,0,./Thermistor.html
38,0,./Thermocouple.html
5,0,./Thermodynamic_free_energy.html
27,0,./Thermodynamic_temperature.html
7,0,./Thermodynamics.html
4,0,./Thermometer.html
38,0,./Thermocouple.html
5,0,./Thermodynamic_free_energy.html
27,0,./Thermodynamic_temperature.html
7,0,./Thermodynamics.html
4,0,./Thermometer.html
11,0,./Thrust.html
4,0,./TI-89_series.html
18,0,./Tidal_force.html
35,0,./Tidal_locking.html
9,0,./Tide.html
3,0,./Tietze_extension_theorem.html
1,0,./Time-domain_reflectometer.html
3,0,./Timeline_of_geology.html
2,0,./Timeline_of_knowledge_about_galaxies,_clusters_of_galaxies,_and_large-scale_structure.html
2,0,./Tire.html
7,0,./Titius–Bode_law.html
1,0,./Titration.html
0,0,./Tonic_(music).html
6,0,./Topological_group.html
42,0,./Torque.html
10,0,./Total_harmonic_distortion.html
30,0,./Total_internal_reflection.html
26,0,./Total_order.html
26,0,./Tower_of_Hanoi.html
98,0,./Trace_(linear_algebra).html
6,0,./Tractatus_Logico-Philosophicus.html
1,0,./Traffic_intensity.html
46,0,./Transcendental_number.html
46,0,./Transfer_function.html
6,0,./Transfinite_induction.html
1,0,./Transformational_grammar.html
12,0,./Transformer.html
2,0,./Transistor.html
82,0,./Transmission_line.html
56,0,./Travelling_salesman_problem.html
7,0,./Tree_(graph_theory).html
99,0,./Triangle.html
178,0,./Triangle_inequality.html
14,0,./Triangle_wave.html
211,0,./Trigonometric_functions.html
1,0,./Tropic_of_Cancer.html
13,0,./Troposphere.html
2,0,./Truncated_icosahedron.html
4,0,./Tsunami.html
4,0,./Tuning_fork.html
7,0,./Turbine.html
22,0,./Turing_machine.html
31,0,./Twin_paradox.html
6,0,./Twin_prime.html
1,0,./Tychonoff_space.html
65,0,./Type_theory.html
8,0,./Ulam_spiral.html
34,0,./Ultrafilter.html
0,0,./Umbriel_(moon).html
5,0,./Unbinilium.html
197,0,./Uncertainty_principle.html
21,0,./Uncountable_set.html
1,0,./Unemployment.html
38,0,./Uniform_continuity.html
175,0,./Uniform_convergence.html
27,0,./Uniform_space.html
16,0,./Union_(set_theory).html
14,0,./Unique_factorization_domain.html
12,0,./Unit_interval.html
1,0,./Unit_of_alcohol.html
12,0,./United_States_customary_units.html
6,0,./Universal_algebra.html
4,0,./Universal_property.html
1,0,./Universal_Time.html
4,0,./Universe.html
1,0,./Unknot.html
3,0,./Ununennium.html
3,0,./Up_to.html
8,0,./Uranium.html
1,0,./Usability_testing.html
47,0,./Utility.html
9,0,./Vacuous_truth.html
2,0,./Vacuum.html
1,0,./Vacuum_tube.html
24,0,./Vapor_pressure.html
138,111,./Variance.html
32,0,./Vector_calculus.html
21,0,./Vector_field.html
3,0,./Vector_processor.html
2,0,./Vector_quantization.html
321,0,./Vector_space.html
4,0,./Vega.html
6,0,./Venn_diagram.html
4,0,./Very_high_frequency.html
23,0,./Vigenère_cipher.html
1,0,./Vilfredo_Pareto.html
76,0,./Virial_theorem.html
14,0,./Viscometer.html
57,0,./Visual_binary.html
4,0,./Volt-ampere_reactive.html
1,0,./Volt.html
4,0,./Voltage.html
46,0,./Volume.html
5,0,./Volumetric_heat_capacity.html
0,0,./Voting_paradox.html
29,0,./W._T._Tutte.html
11,0,./Wafer_(electronics).html
1,0,./Walleye.html
9,0,./Waring's_problem.html
8,0,./Water_turbine.html
29,0,./W._T._Tutte.html
11,0,./Wafer_(electronics).html
1,0,./Walleye.html
9,0,./Waring's_problem.html
8,0,./Water_turbine.html
61,0,./Wavelet.html
16,0,./Waveplate.html
8,0,./Wave–particle_duality.html
15,0,./Weak_interaction.html
15,0,./Weak_topology.html
1,0,./Weakly_interacting_massive_particles.html
2,0,./Web_crawler.html
0,0,./Weight.html
117,0,./Weighted_arithmetic_mean.html
1,0,./Welding.html
27,0,./Wheatstone_bridge.html
6,4,./Where_Mathematics_Comes_From.html
43,0,./Whistle.html
27,0,./White_dwarf.html
52,0,./White_noise.html
10,0,./Wien's_displacement_law.html
1,0,./Willard_Van_Orman_Quine.html
2,0,./William_Rowan_Hamilton.html
9,0,./Word_problem_for_groups.html
18,0,./Work_function.html
5,0,./World_file.html
2,0,./Wormhole.html
2,0,./Wright_brothers.html
20,0,./X-ray_crystallography.html
1,0,./X.html
3,0,./X86.html
13,0,./Yoneda_lemma.html
1,0,./Zeno's_paradoxes.html
14,0,./Zero-sum_game.html
93,0,./Zero_divisor.html
7,0,./Zhang_Heng.html
19,0,./Zipf's_law.html
6,0,./Zorn's_lemma.html
4,0,./Μ-law_algorithm.html
24,0,./Μ-recursive_function.html
